asset_name,license_type,commercial_use,confidence,detection_source,license_file
vits-vctk.tar.bz2,apache-2.0,yes,high,manual,https://huggingface.co/csukuangfj/vits-vctk
espeak-ng-data.tar.bz2,mit,yes,high,manual,https://github.com/rhasspy/piper
vits-piper-en_GB-sweetbbak-amy.tar.bz2,mit,yes,high,manual,https://github.com/rhasspy/piper
vits-coqui-en-ljspeech.tar.bz2,apache-2.0,yes,high,manual,https://github.com/idiap/coqui-ai-TTS/blob/dev/TTS/.models.json
vits-coqui-en-ljspeech-neon.tar.bz2,bsd-3-clause,yes,high,manual,https://github.com/idiap/coqui-ai-TTS/blob/dev/TTS/.models.json
vits-coqui-en-vctk.tar.bz2,apache-2.0,yes,high,manual,https://github.com/idiap/coqui-ai-TTS/blob/dev/TTS/.models.json
vits-coqui-da-cv.tar.bz2,bsd-3-clause,yes,high,manual,https://github.com/idiap/coqui-ai-TTS/blob/dev/TTS/.models.json
vits-coqui-sl-cv.tar.bz2,bsd-3-clause,yes,high,manual,https://github.com/idiap/coqui-ai-TTS/blob/dev/TTS/.models.json
vits-coqui-lt-cv.tar.bz2,bsd-3-clause,yes,high,manual,https://github.com/idiap/coqui-ai-TTS/blob/dev/TTS/.models.json
vits-coqui-de-css10.tar.bz2,bsd-3-clause,yes,high,manual,https://github.com/idiap/coqui-ai-TTS/blob/dev/TTS/.models.json
vits-coqui-bg-cv.tar.bz2,bsd-3-clause,yes,high,manual,https://github.com/idiap/coqui-ai-TTS/blob/dev/TTS/.models.json
vits-coqui-fr-css10.tar.bz2,bsd-3-clause,yes,high,manual,https://github.com/idiap/coqui-ai-TTS/blob/dev/TTS/.models.json
vits-coqui-cs-cv.tar.bz2,bsd-3-clause,yes,high,manual,https://github.com/idiap/coqui-ai-TTS/blob/dev/TTS/.models.json
vits-coqui-fi-css10.tar.bz2,bsd-3-clause,yes,high,manual,https://github.com/idiap/coqui-ai-TTS/blob/dev/TTS/.models.json
vits-coqui-sk-cv.tar.bz2,bsd-3-clause,yes,high,manual,https://github.com/idiap/coqui-ai-TTS/blob/dev/TTS/.models.json
vits-coqui-hr-cv.tar.bz2,bsd-3-clause,yes,high,manual,https://github.com/idiap/coqui-ai-TTS/blob/dev/TTS/.models.json
vits-coqui-ga-cv.tar.bz2,bsd-3-clause,yes,high,manual,https://github.com/idiap/coqui-ai-TTS/blob/dev/TTS/.models.json
vits-coqui-et-cv.tar.bz2,bsd-3-clause,yes,high,manual,https://github.com/idiap/coqui-ai-TTS/blob/dev/TTS/.models.json
vits-coqui-ro-cv.tar.bz2,bsd-3-clause,yes,high,manual,https://github.com/idiap/coqui-ai-TTS/blob/dev/TTS/.models.json
vits-coqui-nl-css10.tar.bz2,bsd-3-clause,yes,high,manual,https://github.com/idiap/coqui-ai-TTS/blob/dev/TTS/.models.json
vits-coqui-pt-cv.tar.bz2,bsd-3-clause,yes,high,manual,https://github.com/idiap/coqui-ai-TTS/blob/dev/TTS/.models.json
vits-coqui-bn-custom_female.tar.bz2,apache-2.0,yes,high,manual,https://github.com/idiap/coqui-ai-TTS/blob/dev/TTS/.models.json
vits-coqui-mt-cv.tar.bz2,bsd-3-clause,yes,high,manual,https://github.com/idiap/coqui-ai-TTS/blob/dev/TTS/.models.json
vits-coqui-lv-cv.tar.bz2,bsd-3-clause,yes,high,manual,https://github.com/idiap/coqui-ai-TTS/blob/dev/TTS/.models.json
vits-coqui-pl-mai_female.tar.bz2,bsd-3-clause,yes,high,manual,https://github.com/idiap/coqui-ai-TTS/blob/dev/TTS/.models.json
vits-coqui-es-css10.tar.bz2,bsd-3-clause,yes,high,manual,https://github.com/idiap/coqui-ai-TTS/blob/dev/TTS/.models.json
vits-coqui-sv-cv.tar.bz2,bsd-3-clause,yes,high,manual,https://github.com/idiap/coqui-ai-TTS/blob/dev/TTS/.models.json
vits-coqui-uk-mai.tar.bz2,bsd-3-clause,yes,high,manual,https://github.com/idiap/coqui-ai-TTS/blob/dev/TTS/.models.json
vits-piper-en_US-glados.tar.bz2,mit,yes,high,manual,https://github.com/dnhkng/GlaDOS/raw/main/models/glados.onnx
vits-piper-es-glados-medium.tar.bz2,mit,yes,high,manual,https://github.com/dnhkng/GlaDOS/raw/main/models/glados.onnx
vits-mms-nan.tar.bz2,cc-by-4.0,yes,high,manual,https://huggingface.co/facebook/mms-tts/tree/main/models/nan
vits-mms-eng.tar.bz2,cc-by-4.0,yes,high,manual,https://huggingface.co/facebook/mms-tts/tree/main/models/nan
vits-mms-spa.tar.bz2,cc-by-4.0,yes,high,manual,https://huggingface.co/facebook/mms-tts/tree/main/models/nan
vits-mms-fra.tar.bz2,cc-by-4.0,yes,high,manual,https://huggingface.co/facebook/mms-tts/tree/main/models/nan
vits-mms-tha.tar.bz2,cc-by-4.0,yes,high,manual,https://huggingface.co/facebook/mms-tts/tree/main/models/nan
vits-mms-ukr.tar.bz2,cc-by-4.0,yes,high,manual,https://huggingface.co/facebook/mms-tts/tree/main/models/nan
vits-mms-rus.tar.bz2,cc-by-4.0,yes,high,manual,https://huggingface.co/facebook/mms-tts/tree/main/models/nan
vits-mms-deu.tar.bz2,cc-by-4.0,yes,high,manual,https://huggingface.co/facebook/mms-tts/tree/main/models/nan
vits-piper-fa-haaniye_low.tar.bz2,cc0,yes,high,manual,https://github.com/MycroftAI/mimic3-voices/blob/master/voices/fa/haaniye_low/LICENSE
vits-mimic3-el_GR-rapunzelina_low.tar.bz2,cc0,yes,high,manual,https://github.com/MycroftAI/mimic3-voices/blob/master/voices/el_GR/rapunzelina_low/LICENSE
vits-mimic3-ko_KO-kss_low.tar.bz2,cc0,yes,high,manual,https://github.com/MycroftAI/mimic3-voices/blob/master/voices/ko_KO/kss_low/LICENSE
vits-mimic3-fa-haaniye_low.tar.bz2,cc0,yes,high,manual,https://github.com/MycroftAI/mimic3-voices/blob/master/voices/fa/haaniye_low/LICENSE
vits-mimic3-hu_HU-diana-majlinger_low.tar.bz2,cc0,yes,high,manual,https://github.com/MycroftAI/mimic3-voices/blob/master/voices/hu_HU/diana-majlinger_low/LICENSE
vits-mimic3-af_ZA-google-nwu_low.tar.bz2,cc-by-sa-4.0,conditional,high,manual,https://github.com/MycroftAI/mimic3-voices/blob/master/voices/af_ZA/google-nwu_low/LICENSE
vits-mimic3-pl_PL-m-ailabs_low.tar.bz2,cc0,yes,high,manual,https://github.com/MycroftAI/mimic3-voices/blob/master/voices/pl_PL/m-ailabs_low/LICENSE
vits-mimic3-gu_IN-cmu-indic_low.tar.bz2,cc0,yes,high,manual,https://github.com/MycroftAI/mimic3-voices/blob/master/voices/gu_IN/cmu-indic_low/LICENSE
vits-mimic3-ne_NP-ne-google_low.tar.bz2,cc-by-sa-4.0,conditional,high,manual,https://github.com/MycroftAI/mimic3-voices/blob/master/voices/ne_NP/ne-google_low/LICENSE
vits-mimic3-vi_VN-vais1000_low.tar.bz2,cc-by-4.0,yes,high,manual,https://github.com/MycroftAI/mimic3-voices/blob/master/voices/vi_VN/vais1000_low/LICENSE
vits-mimic3-fi_FI-harri-tapani-ylilammi_low.tar.bz2,cc0,yes,high,manual,https://github.com/MycroftAI/mimic3-voices/blob/master/voices/fi_FI/harri-tapani-ylilammi_low/LICENSE
vits-mimic3-bn-multi_low.tar.bz2,cc-by-4.0,yes,high,manual,https://github.com/MycroftAI/mimic3-voices/blob/master/voices/bn/multi_low/google/LICENSE
vits-mimic3-es_ES-m-ailabs_low.tar.bz2,bsd-3-clause,yes,high,manual,https://github.com/MycroftAI/mimic3-voices/blob/master/voices/es_ES/m-ailabs_low/LICENSE
vits-mimic3-tn_ZA-google-nwu_low.tar.bz2,cc-by-4.0,yes,high,manual,https://github.com/MycroftAI/mimic3-voices/blob/master/voices/tn_ZA/google-nwu_low/LICENSE
vits-cantonese-hf-xiaomaiiwn.tar.bz2,no-license,no,high,manual,https://huggingface.co/csukuangfj/vits-cantonese-hf-xiaomaiiwn
vits-zh-aishell3.tar.bz2,apache-2.0,yes,high,manual,https://huggingface.co/jackyqs/vits-aishell3-175-chinese
vits-icefall-zh-aishell3.tar.bz2,apache-2.0,yes,high,manual,https://www.openslr.org/93/
vits-ljs.tar.bz2,apache-2.0,yes,high,manual,https://huggingface.co/csukuangfj/vits-ljs
vits-zh-hf-bronya.tar.bz2,apache-2.0,yes,high,manual,https://huggingface.co/spaces/zomehwh/vits-models-genshin-bh3/tree/main
vits-zh-hf-echo.tar.bz2,apache-2.0,yes,high,manual,https://huggingface.co/spaces/zomehwh/vits-models-genshin-bh3/tree/main
vits-zh-hf-abyssinvoker.tar.bz2,apache-2.0,yes,high,manual,https://huggingface.co/spaces/zomehwh/vits-models-genshin-bh3/tree/main
vits-zh-hf-keqing.tar.bz2,apache-2.0,yes,high,manual,https://huggingface.co/spaces/zomehwh/vits-models-genshin-bh3/tree/main
vits-zh-hf-doom.tar.bz2,apache-2.0,yes,high,manual,https://huggingface.co/spaces/zomehwh/vits-models-genshin-bh3/tree/main
vits-zh-hf-eula.tar.bz2,apache-2.0,yes,high,manual,https://huggingface.co/spaces/zomehwh/vits-models-genshin-bh3/tree/main
vits-zh-hf-theresa.tar.bz2,apache-2.0,yes,high,manual,https://huggingface.co/spaces/zomehwh/vits-models-genshin-bh3/tree/main
vits-zh-hf-zenyatta.tar.bz2,apache-2.0,yes,high,manual,https://huggingface.co/spaces/zomehwh/vits-models-genshin-bh3/tree/main
vits-zh-hf-fanchen-ZhiHuiLaoZhe_new.tar.bz2,no-license,no,high,manual,https://huggingface.co/spaces/lkz99/tts_model/tree/main
vits-zh-hf-fanchen-unity.tar.bz2,no-license,no,high,manual,https://huggingface.co/spaces/lkz99/tts_model/tree/main
vits-zh-hf-fanchen-C.tar.bz2,no-license,no,high,manual,https://huggingface.co/spaces/lkz99/tts_model/tree/main
vits-zh-hf-fanchen-ZhiHuiLaoZhe.tar.bz2,no-license,no,high,manual,https://huggingface.co/spaces/lkz99/tts_model/tree/main
vits-zh-hf-fanchen-wnj.tar.bz2,no-license,no,high,manual,https://huggingface.co/spaces/lkz99/tts_model/tree/main
sherpa-onnx-vits-zh-ll.tar.bz2,apache-2.0,yes,high,manual,https://github.com/Plachtaa/VITS-fast-fine-tuning
vits-piper-en_GB-southern_english_female_medium.tar.bz2,mit,yes,high,manual,https://github.com/rhasspy/piper
vits-melo-tts-zh_en.tar.bz2,mit,yes,high,manual,https://github.com/myshell-ai/MeloTTS
vits-melo-tts-en.tar.bz2,mit,yes,high,manual,https://github.com/myshell-ai/MeloTTS
vits-piper-nl_BE-rdh-medium.tar.bz2,cc0,yes,high,huggingface_model_card,https://huggingface.co/csukuangfj/vits-piper-nl_BE-rdh-medium
vits-piper-nl_BE-rdh-x_low.tar.bz2,cc0,yes,high,huggingface_model_card,https://huggingface.co/csukuangfj/vits-piper-nl_BE-rdh-x_low
vits-piper-zh_CN-huayan-medium.tar.bz2,no-license,no,medium,huggingface_model_card,https://huggingface.co/csukuangfj/vits-piper-zh_CN-huayan-medium
vits-piper-fa_en-rezahedayatfar-ibrahimwalk-medium.tar.bz2,cc0,yes,high,huggingface_model_card,https://huggingface.co/csukuangfj/vits-piper-fa_en-rezahedayatfar-ibrahimwalk-medium
matcha-tts-fa_en-musa.tar.bz2,cc0,yes,high,manual,https://huggingface.co/mah92/Musa-FA_EN-Matcha-TTS-Model
matcha-tts-fa_en-khadijah.tar.bz2,cc0,yes,high,manual,https://huggingface.co/mah92/Khadijah-FA_EN-Matcha-TTS-Model
vits-piper-ka_GE-natia-medium.tar.bz2,gpl-2.0,conditional,medium,manual,https://github.com/Olga-Yakovleva/RHVoice
vits-piper-ka_GE-natia-medium-int8.tar.bz2,gpl-2.0,conditional,high,manual,https://github.com/Olga-Yakovleva/RHVoice
vits-piper-ka_GE-natia-medium-fp16.tar.bz2,gpl-2.0,conditional,high,manual,https://github.com/Olga-Yakovleva/RHVoice
vits-piper-kk_KZ-raya-x_low-fp16.tar.bz2,cc-by-4.0,yes,high,manual,https://huggingface.co/rhasspy/piper-voices/tree/main
vits-piper-kk_KZ-issai-high.tar.bz2,cc-by-4.0,yes,high,huggingface_model_card,https://huggingface.co/csukuangfj/vits-piper-kk_KZ-issai-high
vits-piper-kk_KZ-issai-high-int8.tar.bz2,cc-by-4.0,yes,high,manual,https://huggingface.co/csukuangfj/vits-piper-kk_KZ-issai-high
vits-piper-kk_KZ-issai-high-fp16.tar.bz2,cc-by-4.0,yes,high,manual,https://huggingface.co/csukuangfj/vits-piper-kk_KZ-issai-high
vits-piper-kk_KZ-iseke-x_low.tar.bz2,cc-by-4.0,yes,high,huggingface_model_card,https://huggingface.co/csukuangfj/vits-piper-kk_KZ-iseke-x_low
vits-piper-kk_KZ-iseke-x_low-int8.tar.bz2,cc-by-4.0,yes,high,manual,https://huggingface.co/csukuangfj/vits-piper-kk_KZ-iseke-x_low
vits-piper-kk_KZ-iseke-x_low-fp16.tar.bz2,cc-by-4.0,yes,high,manual,https://huggingface.co/csukuangfj/vits-piper-kk_KZ-iseke-x_low
vits-piper-no_NO-talesyntese-medium.tar.bz2,cc0,yes,high,huggingface_model_card,https://huggingface.co/csukuangfj/vits-piper-no_NO-talesyntese-medium
vits-piper-no_NO-talesyntese-medium-int8.tar.bz2,cc0,yes,high,manual,https://huggingface.co/csukuangfj/vits-piper-no_NO-talesyntese-medium
vits-piper-no_NO-talesyntese-medium-fp16.tar.bz2,cc0,yes,high,manual,https://huggingface.co/csukuangfj/vits-piper-no_NO-talesyntese-medium
vits-piper-sl_SI-artur-medium.tar.bz2,cc-by-4.0,yes,high,huggingface_model_card,https://huggingface.co/csukuangfj/vits-piper-sl_SI-artur-medium
vits-piper-sl_SI-artur-medium-int8.tar.bz2,cc-by-4.0,yes,high,manual,https://huggingface.co/csukuangfj/vits-piper-sl_SI-artur-medium
vits-piper-sl_SI-artur-medium-fp16.tar.bz2,cc-by-4.0,yes,high,manual,https://huggingface.co/csukuangfj/vits-piper-sl_SI-artur-medium
vits-piper-sk_SK-lili-medium.tar.bz2,cc0,yes,high,huggingface_model_card,https://huggingface.co/csukuangfj/vits-piper-sk_SK-lili-medium
vits-piper-sk_SK-lili-medium-int8.tar.bz2,cc0,yes,high,manual,https://huggingface.co/csukuangfj/vits-piper-sk_SK-lili-medium
vits-piper-vi_VN-25hours_single-low.tar.bz2,apache-2.0,yes,medium,huggingface_model_card,https://github.com/TensorSpeech/TensorFlowASR/blob/main/LICENSE
vits-piper-sk_SK-lili-medium-fp16.tar.bz2,cc0,yes,high,manual,https://huggingface.co/csukuangfj/vits-piper-sk_SK-lili-medium
vits-piper-vi_VN-25hours_single-low-int8.tar.bz2,apache-2.0,yes,high,manual,https://github.com/TensorSpeech/TensorFlowASR/blob/main/LICENSE
vits-piper-vi_VN-25hours_single-low-fp16.tar.bz2,apache-2.0,yes,high,manual,https://github.com/TensorSpeech/TensorFlowASR/blob/main/LICENSE
vits-piper-ml_IN-meera-medium.tar.bz2,apache-2.0,yes,high,manual,https://www.kaggle.com/code/mpwolke/indic-tts-malayalam-speech-corpus
vits-piper-ml_IN-meera-medium-int8.tar.bz2,apache-2.0,yes,high,manual,https://www.kaggle.com/code/mpwolke/indic-tts-malayalam-speech-corpus
vits-piper-ml_IN-meera-medium-fp16.tar.bz2,apache-2.0,yes,high,manual,https://www.kaggle.com/code/mpwolke/indic-tts-malayalam-speech-corpus
vits-piper-sr_RS-serbski_institut-medium-fp16.tar.bz2,cc-by-4.0,yes,high,manual,https://huggingface.co/rhasspy/piper-voices/tree/main
vits-piper-tr_TR-fettah-medium.tar.bz2,cc0,yes,high,huggingface_model_card,https://huggingface.co/csukuangfj/vits-piper-tr_TR-fettah-medium
vits-piper-tr_TR-fettah-medium-int8.tar.bz2,cc0,yes,high,manual,https://huggingface.co/csukuangfj/vits-piper-tr_TR-fettah-medium
vits-piper-tr_TR-fettah-medium-fp16.tar.bz2,cc0,yes,high,manual,https://huggingface.co/csukuangfj/vits-piper-tr_TR-fettah-medium
kokoro-multi-lang-v1_0.tar.bz2,apache-2.0,yes,high,archive_license_file,kokoro-multi-lang-v1_0/LICENSE
kokoro-int8-multi-lang-v1_0.tar.bz2,apache-2.0,yes,high,archive_license_file,kokoro-int8-multi-lang-v1_0/LICENSE
kokoro-multi-lang-v1_1.tar.bz2,apache-2.0,yes,high,archive_license_file,kokoro-multi-lang-v1_1/LICENSE
kokoro-int8-multi-lang-v1_1.tar.bz2,apache-2.0,yes,high,archive_license_file,kokoro-int8-multi-lang-v1_1/LICENSE
vits-piper-en_GB-northern_english_male-medium.tar.bz2,cc-by-sa-4.0,conditional,medium,huggingface_model_card,https://huggingface.co/csukuangfj/vits-piper-en_GB-northern_english_male-medium
vits-piper-en_GB-northern_english_male-medium-int8.tar.bz2,cc-by-sa-4.0,conditional,high,manual,https://huggingface.co/csukuangfj/vits-piper-en_GB-northern_english_male-medium
vits-piper-en_GB-northern_english_male-medium-fp16.tar.bz2,cc-by-sa-4.0,conditional,high,manual,https://huggingface.co/csukuangfj/vits-piper-en_GB-northern_english_male-medium
vits-piper-en_GB-jenny_dioco-medium.tar.bz2,mit,yes,high,manual,https://github.com/dioco-group/jenny-tts-dataset
vits-piper-en_GB-jenny_dioco-medium-int8.tar.bz2,mit,yes,high,manual,https://github.com/dioco-group/jenny-tts-dataset
vits-piper-en_US-kristin-medium.tar.bz2,public-domain,yes,medium,huggingface_model_card,https://huggingface.co/csukuangfj/vits-piper-en_US-kristin-medium
vits-piper-en_GB-jenny_dioco-medium-fp16.tar.bz2,mit,yes,high,manual,https://github.com/dioco-group/jenny-tts-dataset
vits-piper-en_US-kristin-medium-int8.tar.bz2,public-domain,yes,high,manual,https://huggingface.co/csukuangfj/vits-piper-en_US-kristin-medium
vits-piper-en_US-kristin-medium-fp16.tar.bz2,public-domain,yes,high,manual,https://huggingface.co/csukuangfj/vits-piper-en_US-kristin-medium
vits-piper-en_GB-alan-medium.tar.bz2,proprietary-restricted,no,medium,huggingface_model_card,https://github.com/MycroftAI/mimic3-voices/blob/master/voices/en_UK/apope_low
vits-piper-en_GB-alan-medium-int8.tar.bz2,proprietary-restricted,no,high,manual,https://github.com/MycroftAI/mimic3-voices/blob/master/voices/en_UK/apope_low
vits-piper-en_GB-alan-medium-fp16.tar.bz2,proprietary-restricted,no,high,manual,https://github.com/MycroftAI/mimic3-voices/blob/master/voices/en_UK/apope_low
vits-piper-en_US-amy-low.tar.bz2,proprietary-restricted,no,medium,huggingface_model_card,https://github.com/MycroftAI/mimic3-voices/blob/master/voices/en_UK/apope_low
vits-piper-en_GB-alan-low.tar.bz2,proprietary-restricted,no,medium,huggingface_model_card,https://github.com/MycroftAI/mimic3-voices/blob/master/voices/en_UK/apope_low
vits-piper-en_US-amy-low-int8.tar.bz2,proprietary-restricted,no,high,manual,https://github.com/MycroftAI/mimic3-voices/blob/master/voices/en_UK/apope_low
vits-piper-en_GB-alan-low-int8.tar.bz2,proprietary-restricted,no,high,manual,https://github.com/MycroftAI/mimic3-voices/blob/master/voices/en_UK/apope_low
vits-piper-en_US-amy-low-fp16.tar.bz2,proprietary-restricted,no,high,manual,https://github.com/MycroftAI/mimic3-voices/blob/master/voices/en_UK/apope_low
vits-piper-en_GB-alan-low-fp16.tar.bz2,proprietary-restricted,no,high,manual,https://github.com/MycroftAI/mimic3-voices/blob/master/voices/en_UK/apope_low
vits-piper-en_GB-southern_english_male-medium.tar.bz2,apache-2.0,yes,high,huggingface_model_card,https://huggingface.co/csukuangfj/vits-piper-en_GB-southern_english_male-medium
vits-piper-en_GB-southern_english_male-medium-int8.tar.bz2,apache-2.0,yes,high,manual,https://huggingface.co/csukuangfj/vits-piper-en_GB-southern_english_male-medium
vits-piper-en_GB-cori-medium.tar.bz2,public-domain,yes,medium,huggingface_model_card,https://huggingface.co/csukuangfj/vits-piper-en_GB-cori-medium
vits-piper-en_GB-southern_english_male-medium-fp16.tar.bz2,apache-2.0,yes,high,manual,https://huggingface.co/csukuangfj/vits-piper-en_GB-southern_english_male-medium
vits-piper-en_GB-cori-medium-int8.tar.bz2,public-domain,yes,high,manual,https://huggingface.co/csukuangfj/vits-piper-en_GB-cori-medium
vits-piper-en_US-lessac-high.tar.bz2,research-only,no,medium,huggingface_model_card,https://huggingface.co/csukuangfj/vits-piper-en_US-lessac-high
vits-piper-en_GB-cori-medium-fp16.tar.bz2,public-domain,yes,high,manual,https://huggingface.co/csukuangfj/vits-piper-en_GB-cori-medium
vits-piper-en_GB-cori-high.tar.bz2,public-domain,yes,medium,huggingface_model_card,https://huggingface.co/csukuangfj/vits-piper-en_GB-cori-high
vits-piper-en_US-lessac-high-int8.tar.bz2,research-only,no,high,manual,https://huggingface.co/csukuangfj/vits-piper-en_US-lessac-high
vits-piper-en_US-lessac-high-fp16.tar.bz2,research-only,no,high,manual,https://huggingface.co/csukuangfj/vits-piper-en_US-lessac-high
vits-piper-en_GB-cori-high-int8.tar.bz2,public-domain,yes,high,manual,https://huggingface.co/csukuangfj/vits-piper-en_GB-cori-high
vits-piper-en_GB-aru-medium.tar.bz2,cc-by-4.0,yes,medium,huggingface_model_card,https://huggingface.co/csukuangfj/vits-piper-en_GB-aru-medium
vits-piper-en_GB-cori-high-fp16.tar.bz2,public-domain,yes,high,manual,https://huggingface.co/csukuangfj/vits-piper-en_GB-cori-high
vits-piper-en_GB-aru-medium-int8.tar.bz2,cc-by-4.0,yes,high,manual,https://huggingface.co/csukuangfj/vits-piper-en_GB-aru-medium
vits-piper-en_US-norman-medium.tar.bz2,public-domain,yes,medium,huggingface_model_card,https://huggingface.co/csukuangfj/vits-piper-en_US-norman-medium
vits-piper-en_GB-aru-medium-fp16.tar.bz2,cc-by-4.0,yes,high,manual,https://huggingface.co/csukuangfj/vits-piper-en_GB-aru-medium
vits-piper-en_US-norman-medium-int8.tar.bz2,public-domain,yes,high,manual,https://huggingface.co/csukuangfj/vits-piper-en_US-norman-medium
vits-piper-en_GB-alba-medium.tar.bz2,cc-by-4.0,yes,medium,huggingface_model_card,https://huggingface.co/csukuangfj/vits-piper-en_GB-alba-medium
vits-piper-en_US-norman-medium-fp16.tar.bz2,public-domain,yes,high,manual,https://huggingface.co/csukuangfj/vits-piper-en_US-norman-medium
vits-piper-en_GB-alba-medium-int8.tar.bz2,cc-by-4.0,yes,medium,huggingface_model_card,https://huggingface.co/csukuangfj/vits-piper-en_GB-alba-medium
vits-piper-en_GB-alba-medium-fp16.tar.bz2,cc-by-4.0,yes,medium,huggingface_model_card,https://huggingface.co/csukuangfj/vits-piper-en_GB-alba-medium
vits-piper-en_GB-southern_english_female-low.tar.bz2,cc-by-sa-4.0,conditional,medium,huggingface_model_card,https://huggingface.co/csukuangfj/vits-piper-en_GB-southern_english_female-low
vits-piper-en_GB-southern_english_female-low-int8.tar.bz2,cc-by-sa-4.0,conditional,medium,huggingface_model_card,https://huggingface.co/csukuangfj/vits-piper-en_GB-southern_english_female-low
vits-piper-en_GB-southern_english_female-low-fp16.tar.bz2,cc-by-sa-4.0,conditional,medium,huggingface_model_card,https://huggingface.co/csukuangfj/vits-piper-en_GB-southern_english_female-low
vits-piper-en_GB-semaine-medium.tar.bz2,cc-by-nc-sa-4.0,no,medium,huggingface_model_card,https://huggingface.co/csukuangfj/vits-piper-en_GB-semaine-medium
vits-piper-en_GB-semaine-medium-int8.tar.bz2,cc-by-nc-sa-4.0,no,medium,huggingface_model_card,https://huggingface.co/csukuangfj/vits-piper-en_GB-semaine-medium
vits-piper-en_GB-semaine-medium-fp16.tar.bz2,cc-by-nc-sa-4.0,no,medium,huggingface_model_card,https://huggingface.co/csukuangfj/vits-piper-en_GB-semaine-medium
vits-piper-en_US-arctic-medium-int8.tar.bz2,bsd-3-clause,yes,medium,huggingface_model_card,https://huggingface.co/csukuangfj/vits-piper-en_US-arctic-medium
vits-piper-en_US-arctic-medium-fp16.tar.bz2,bsd-3-clause,yes,medium,huggingface_model_card,https://huggingface.co/csukuangfj/vits-piper-en_US-arctic-medium
vits-piper-en_US-glados-high.tar.bz2,unlicense,yes,medium,huggingface_model_card,https://huggingface.co/csukuangfj/vits-piper-en_US-glados-high
vits-piper-en_US-glados-high-int8.tar.bz2,unlicense,yes,medium,huggingface_model_card,https://huggingface.co/csukuangfj/vits-piper-en_US-glados-high
vits-piper-en_US-amy-medium-int8.tar.bz2,cc-by-sa-4.0,conditional,high,manual,https://github.com/MycroftAI/mimic3-voices
vits-piper-en_US-glados-high-fp16.tar.bz2,unlicense,yes,medium,huggingface_model_card,https://huggingface.co/csukuangfj/vits-piper-en_US-glados-high
vits-piper-en_US-amy-medium-fp16.tar.bz2,cc-by-sa-4.0,conditional,high,manual,https://github.com/MycroftAI/mimic3-voices
vits-piper-en_US-ryan-high.tar.bz2,cc-by-nc-sa-4.0,no,medium,huggingface_model_card,https://huggingface.co/csukuangfj/vits-piper-en_US-ryan-high
vits-piper-en_US-ryan-high-int8.tar.bz2,cc-by-nc-sa-4.0,no,medium,huggingface_model_card,https://huggingface.co/csukuangfj/vits-piper-en_US-ryan-high
vits-piper-en_US-ryan-high-fp16.tar.bz2,cc-by-nc-sa-4.0,no,medium,huggingface_model_card,https://huggingface.co/csukuangfj/vits-piper-en_US-ryan-high
vits-piper-en_US-reza_ibrahim-medium.tar.bz2,cc0,yes,high,manual,https://huggingface.co/csukuangfj/vits-piper-fa_IR-reza_ibrahim-medium
vits-piper-en_US-l2arctic-medium.tar.bz2,cc-by-nc-4.0,no,medium,huggingface_model_card,https://huggingface.co/csukuangfj/vits-piper-en_US-l2arctic-medium
vits-piper-en_US-reza_ibrahim-medium-int8.tar.bz2,cc0,yes,high,manual,https://huggingface.co/csukuangfj/vits-piper-fa_IR-reza_ibrahim-medium
vits-piper-en_US-l2arctic-medium-int8.tar.bz2,cc-by-nc-4.0,no,medium,huggingface_model_card,https://huggingface.co/csukuangfj/vits-piper-en_US-l2arctic-medium
vits-piper-en_US-ryan-low-int8.tar.bz2,cc-by-nc-sa-4.0,no,medium,huggingface_model_card,https://huggingface.co/csukuangfj/vits-piper-en_US-ryan-low
vits-piper-en_US-reza_ibrahim-medium-fp16.tar.bz2,cc0,yes,high,manual,https://huggingface.co/csukuangfj/vits-piper-fa_IR-reza_ibrahim-medium
vits-piper-en_US-l2arctic-medium-fp16.tar.bz2,cc-by-nc-4.0,no,medium,huggingface_model_card,https://huggingface.co/csukuangfj/vits-piper-en_US-l2arctic-medium
vits-piper-en_US-ryan-low-fp16.tar.bz2,cc-by-nc-sa-4.0,no,medium,huggingface_model_card,https://huggingface.co/csukuangfj/vits-piper-en_US-ryan-low
vits-piper-en_US-kusal-medium.tar.bz2,apache-2.0,yes,medium,huggingface_model_card,https://github.com/MycroftAI/mimic2
vits-piper-en_US-kusal-medium-int8.tar.bz2,apache-2.0,yes,medium,huggingface_model_card,https://github.com/MycroftAI/mimic2
vits-piper-en_US-kusal-medium-fp16.tar.bz2,apache-2.0,yes,medium,huggingface_model_card,https://github.com/MycroftAI/mimic2
vits-piper-en_GB-vctk-medium.tar.bz2,cc-by-4.0,yes,medium,huggingface_model_card,https://huggingface.co/csukuangfj/vits-piper-en_GB-vctk-medium
vits-piper-en_GB-vctk-medium-int8.tar.bz2,cc-by-4.0,yes,medium,huggingface_model_card,https://huggingface.co/csukuangfj/vits-piper-en_GB-vctk-medium
vits-piper-en_GB-vctk-medium-fp16.tar.bz2,cc-by-4.0,yes,medium,huggingface_model_card,https://huggingface.co/csukuangfj/vits-piper-en_GB-vctk-medium
vits-piper-en_GB-southern_english_female-medium.tar.bz2,cc-by-sa-4.0,conditional,high,manual,https://huggingface.co/rhasspy/piper-voices/tree/main
vits-piper-en_GB-southern_english_female-medium-int8.tar.bz2,cc-by-sa-4.0,conditional,high,manual,https://huggingface.co/rhasspy/piper-voices/tree/main
vits-piper-en_GB-southern_english_female-medium-fp16.tar.bz2,cc-by-sa-4.0,conditional,high,manual,https://huggingface.co/rhasspy/piper-voices/tree/main
vits-piper-en_US-ljspeech-medium.tar.bz2,public-domain,yes,medium,huggingface_model_card,https://huggingface.co/csukuangfj/vits-piper-en_US-ljspeech-medium
vits-piper-en_US-ljspeech-medium-int8.tar.bz2,public-domain,yes,medium,huggingface_model_card,https://huggingface.co/csukuangfj/vits-piper-en_US-ljspeech-medium
vits-piper-en_US-ljspeech-medium-fp16.tar.bz2,public-domain,yes,medium,huggingface_model_card,https://huggingface.co/csukuangfj/vits-piper-en_US-ljspeech-medium
vits-piper-en_US-ljspeech-high.tar.bz2,public-domain,yes,medium,huggingface_model_card,https://huggingface.co/csukuangfj/vits-piper-en_US-ljspeech-high
vits-piper-en_US-ljspeech-high-int8.tar.bz2,public-domain,yes,medium,huggingface_model_card,https://huggingface.co/csukuangfj/vits-piper-en_US-ljspeech-high
vits-piper-en_US-ljspeech-high-fp16.tar.bz2,public-domain,yes,medium,huggingface_model_card,https://huggingface.co/csukuangfj/vits-piper-en_US-ljspeech-high
kokoro-int8-en-v0_19.tar.bz2,apache-2.0,yes,high,archive_license_file,kokoro-int8-en-v0_19/LICENSE
kokoro-en-v0_19.tar.bz2,apache-2.0,yes,high,archive_license_file,kokoro-en-v0_19/LICENSE
kitten-nano-en-v0_2-fp16.tar.bz2,apache-2.0,yes,high,archive_license_file,kitten-nano-en-v0_2-fp16/LICENSE
kitten-nano-en-v0_1-fp16.tar.bz2,apache-2.0,yes,high,archive_license_file,kitten-nano-en-v0_1-fp16/LICENSE
sherpa-onnx-zipvoice-distill-zh-en-emilia.tar.bz2,apache-2.0,yes,high,manual,https://huggingface.co/k2-fsa/ZipVoice
sherpa-onnx-zipvoice-zh-en-emilia.tar.bz2,apache-2.0,yes,high,manual,https://huggingface.co/k2-fsa/ZipVoice
vits-piper-pl_PL-jarvis_wg_glos-medium.tar.bz2,mit,yes,medium,huggingface_model_card,https://huggingface.co/csukuangfj/vits-piper-pl_PL-jarvis_wg_glos-medium
vits-piper-pl_PL-jarvis_wg_glos-medium-int8.tar.bz2,mit,yes,medium,huggingface_model_card,https://huggingface.co/csukuangfj/vits-piper-pl_PL-jarvis_wg_glos-medium
vits-piper-pl_PL-zenski_wg_glos-medium.tar.bz2,mit,yes,medium,huggingface_model_card,https://huggingface.co/csukuangfj/vits-piper-pl_PL-zenski_wg_glos-medium
vits-piper-pl_PL-meski_wg_glos-medium.tar.bz2,mit,yes,medium,huggingface_model_card,https://huggingface.co/csukuangfj/vits-piper-pl_PL-meski_wg_glos-medium
vits-piper-pl_PL-jarvis_wg_glos-medium-fp16.tar.bz2,mit,yes,medium,huggingface_model_card,https://huggingface.co/csukuangfj/vits-piper-pl_PL-jarvis_wg_glos-medium
vits-piper-pl_PL-zenski_wg_glos-medium-int8.tar.bz2,mit,yes,medium,huggingface_model_card,https://huggingface.co/csukuangfj/vits-piper-pl_PL-zenski_wg_glos-medium
vits-piper-pl_PL-meski_wg_glos-medium-int8.tar.bz2,mit,yes,medium,huggingface_model_card,https://huggingface.co/csukuangfj/vits-piper-pl_PL-meski_wg_glos-medium
vits-piper-pl_PL-zenski_wg_glos-medium-fp16.tar.bz2,mit,yes,medium,huggingface_model_card,https://huggingface.co/csukuangfj/vits-piper-pl_PL-zenski_wg_glos-medium
vits-piper-pl_PL-gosia-medium.tar.bz2,cc0,yes,high,huggingface_model_card,https://huggingface.co/csukuangfj/vits-piper-pl_PL-gosia-medium
vits-piper-pl_PL-meski_wg_glos-medium-fp16.tar.bz2,mit,yes,medium,huggingface_model_card,https://huggingface.co/csukuangfj/vits-piper-pl_PL-meski_wg_glos-medium
vits-piper-pl_PL-darkman-medium.tar.bz2,cc0,yes,high,huggingface_model_card,https://huggingface.co/csukuangfj/vits-piper-pl_PL-darkman-medium
vits-piper-pl_PL-gosia-medium-int8.tar.bz2,cc0,yes,high,huggingface_model_card,https://huggingface.co/csukuangfj/vits-piper-pl_PL-gosia-medium
vits-piper-pl_PL-gosia-medium-fp16.tar.bz2,cc0,yes,high,huggingface_model_card,https://huggingface.co/csukuangfj/vits-piper-pl_PL-gosia-medium
vits-piper-pl_PL-darkman-medium-int8.tar.bz2,cc0,yes,high,huggingface_model_card,https://huggingface.co/csukuangfj/vits-piper-pl_PL-darkman-medium
vits-piper-pl_PL-darkman-medium-fp16.tar.bz2,cc0,yes,high,huggingface_model_card,https://huggingface.co/csukuangfj/vits-piper-pl_PL-darkman-medium
vits-piper-nl_NL-miro-high.tar.bz2,cc-by-nc-sa-4.0,no,high,manual,https://huggingface.co/csukuangfj/vits-piper-nl_NL-miro-high
vits-piper-nl_NL-miro-high-int8.tar.bz2,cc-by-nc-sa-4.0,no,high,manual,https://huggingface.co/csukuangfj/vits-piper-nl_NL-miro-high
vits-piper-nl_NL-dii-high.tar.bz2,cc-by-nc-sa-4.0,no,high,manual,https://huggingface.co/csukuangfj/vits-piper-nl_NL-dii-high
vits-piper-nl_NL-miro-high-fp16.tar.bz2,cc-by-nc-sa-4.0,no,high,manual,https://huggingface.co/csukuangfj/vits-piper-nl_NL-miro-high
vits-piper-nl_NL-dii-high-int8.tar.bz2,cc-by-nc-sa-4.0,no,high,manual,https://huggingface.co/csukuangfj/vits-piper-nl_NL-dii-high
vits-piper-nl_NL-dii-high-fp16.tar.bz2,cc-by-nc-sa-4.0,no,high,manual,https://huggingface.co/csukuangfj/vits-piper-nl_NL-dii-high
vits-piper-pt_PT-dii-high.tar.bz2,cc-by-nc-sa-4.0,no,high,manual,https://huggingface.co/csukuangfj/vits-piper-pt_PT-dii-high
vits-piper-pt_PT-dii-high-int8.tar.bz2,cc-by-nc-sa-4.0,no,high,manual,https://huggingface.co/csukuangfj/vits-piper-pt_PT-dii-high
vits-piper-pt_PT-dii-high-fp16.tar.bz2,cc-by-nc-sa-4.0,no,high,manual,https://huggingface.co/csukuangfj/vits-piper-pt_PT-dii-high
vits-piper-pt_PT-tugao-medium.tar.bz2,cc0,yes,high,huggingface_model_card,https://huggingface.co/csukuangfj/vits-piper-pt_PT-tugao-medium
vits-piper-pt_PT-tugao-medium-int8.tar.bz2,cc0,yes,high,huggingface_model_card,https://huggingface.co/csukuangfj/vits-piper-pt_PT-tugao-medium
vits-piper-pt_PT-tugao-medium-fp16.tar.bz2,cc0,yes,high,huggingface_model_card,https://huggingface.co/csukuangfj/vits-piper-pt_PT-tugao-medium
vits-piper-pt_PT-miro-high.tar.bz2,cc-by-nc-sa-4.0,no,high,manual,https://huggingface.co/csukuangfj/vits-piper-pt_PT-miro-high
vits-piper-pt_PT-miro-high-int8.tar.bz2,cc-by-nc-sa-4.0,no,high,manual,https://huggingface.co/csukuangfj/vits-piper-pt_PT-miro-high
vits-piper-pt_PT-miro-high-fp16.tar.bz2,cc-by-nc-sa-4.0,no,high,manual,https://huggingface.co/csukuangfj/vits-piper-pt_PT-miro-high
vits-piper-en_GB-dii-high.tar.bz2,cc-by-nc-sa-4.0,no,high,manual,https://huggingface.co/csukuangfj/vits-piper-en_GB-dii-high
vits-piper-en_GB-dii-high-int8.tar.bz2,cc-by-nc-sa-4.0,no,high,manual,https://huggingface.co/csukuangfj/vits-piper-en_GB-dii-high
vits-piper-en_GB-dii-high-fp16.tar.bz2,cc-by-nc-sa-4.0,no,high,manual,https://huggingface.co/csukuangfj/vits-piper-en_GB-dii-high
vits-piper-en_US-miro-high.tar.bz2,cc-by-nc-sa-4.0,no,high,manual,https://huggingface.co/csukuangfj/vits-piper-en_US-miro-high
vits-piper-en_US-miro-high-int8.tar.bz2,cc-by-nc-sa-4.0,no,high,manual,https://huggingface.co/csukuangfj/vits-piper-en_US-miro-high
vits-piper-en_US-miro-high-fp16.tar.bz2,cc-by-nc-sa-4.0,no,high,manual,https://huggingface.co/csukuangfj/vits-piper-en_US-miro-high
vits-piper-en_GB-miro-high.tar.bz2,cc-by-nc-sa-4.0,no,high,manual,https://huggingface.co/csukuangfj/vits-piper-en_GB-miro-high
vits-piper-en_GB-miro-high-int8.tar.bz2,cc-by-nc-sa-4.0,no,high,manual,https://huggingface.co/csukuangfj/vits-piper-en_GB-miro-high
vits-piper-en_GB-miro-high-fp16.tar.bz2,cc-by-nc-sa-4.0,no,high,manual,https://huggingface.co/csukuangfj/vits-piper-en_GB-miro-high
kitten-mini-en-v0_1-fp16.tar.bz2,apache-2.0,yes,high,archive_license_file,kitten-mini-en-v0_1-fp16/LICENSE
vits-piper-nl_NL-ronnie-medium.tar.bz2,cc0,yes,high,manual,https://huggingface.co/rhasspy/piper-voices/tree/main
vits-piper-en_US-kathleen-low.tar.bz2,cc0,yes,high,huggingface_model_card,https://huggingface.co/csukuangfj/vits-piper-en_US-kathleen-low
vits-piper-nl_NL-ronnie-medium-int8.tar.bz2,cc0,yes,high,manual,https://huggingface.co/rhasspy/piper-voices/tree/main
vits-piper-en_US-kathleen-low-int8.tar.bz2,cc0,yes,high,huggingface_model_card,https://huggingface.co/csukuangfj/vits-piper-en_US-kathleen-low
vits-piper-nl_NL-ronnie-medium-fp16.tar.bz2,cc0,yes,high,manual,https://huggingface.co/rhasspy/piper-voices/tree/main
vits-piper-en_US-kathleen-low-fp16.tar.bz2,cc0,yes,high,huggingface_model_card,https://huggingface.co/csukuangfj/vits-piper-en_US-kathleen-low
vits-piper-nl_NL-pim-medium.tar.bz2,cc0,yes,high,manual,https://huggingface.co/rhasspy/piper-voices/tree/main
vits-piper-en_US-john-medium.tar.bz2,public-domain,yes,medium,huggingface_model_card,https://huggingface.co/csukuangfj/vits-piper-en_US-john-medium
vits-piper-tr_TR-fahrettin-medium.tar.bz2,cc0,yes,high,huggingface_model_card,https://huggingface.co/csukuangfj/vits-piper-tr_TR-fahrettin-medium
vits-piper-nl_NL-pim-medium-int8.tar.bz2,cc0,yes,high,manual,https://huggingface.co/rhasspy/piper-voices/tree/main
vits-piper-en_US-john-medium-int8.tar.bz2,public-domain,yes,medium,huggingface_model_card,https://huggingface.co/csukuangfj/vits-piper-en_US-john-medium
vits-piper-pt_BR-miro-high.tar.bz2,cc-by-nc-sa-4.0,no,high,manual,https://huggingface.co/csukuangfj/vits-piper-pt_BR-miro-high
vits-piper-tr_TR-fahrettin-medium-int8.tar.bz2,cc0,yes,high,huggingface_model_card,https://huggingface.co/csukuangfj/vits-piper-tr_TR-fahrettin-medium
vits-piper-en_US-john-medium-fp16.tar.bz2,public-domain,yes,medium,huggingface_model_card,https://huggingface.co/csukuangfj/vits-piper-en_US-john-medium
vits-piper-nl_NL-pim-medium-fp16.tar.bz2,cc0,yes,high,manual,https://huggingface.co/rhasspy/piper-voices/tree/main
vits-piper-ru_RU-ruslan-medium.tar.bz2,cc-by-nc-sa-4.0,no,medium,huggingface_model_card,https://huggingface.co/csukuangfj/vits-piper-ru_RU-ruslan-medium
vits-piper-pt_BR-miro-high-int8.tar.bz2,cc-by-nc-sa-4.0,no,high,manual,https://huggingface.co/csukuangfj/vits-piper-pt_BR-miro-high
vits-piper-tr_TR-fahrettin-medium-fp16.tar.bz2,cc0,yes,high,huggingface_model_card,https://huggingface.co/csukuangfj/vits-piper-tr_TR-fahrettin-medium
vits-piper-en_US-joe-medium.tar.bz2,cc0,yes,high,huggingface_model_card,https://huggingface.co/csukuangfj/vits-piper-en_US-joe-medium
vits-piper-nl_BE-nathalie-x_low.tar.bz2,cc0,yes,high,huggingface_model_card,https://huggingface.co/csukuangfj/vits-piper-nl_BE-nathalie-x_low
vits-piper-pt_BR-miro-high-fp16.tar.bz2,cc-by-nc-sa-4.0,no,high,manual,https://huggingface.co/csukuangfj/vits-piper-pt_BR-miro-high
vits-piper-ru_RU-ruslan-medium-int8.tar.bz2,cc-by-nc-sa-4.0,no,medium,huggingface_model_card,https://huggingface.co/csukuangfj/vits-piper-ru_RU-ruslan-medium
vits-piper-tr_TR-dfki-medium.tar.bz2,cc-by-nc-sa-4.0,no,medium,huggingface_model_card,https://huggingface.co/csukuangfj/vits-piper-tr_TR-dfki-medium
vits-piper-ml_IN-arjun-medium.tar.bz2,apache-2.0,yes,high,manual,https://www.kaggle.com/code/mpwolke/indic-tts-malayalam-speech-corpus
vits-piper-en_US-joe-medium-int8.tar.bz2,cc0,yes,high,huggingface_model_card,https://huggingface.co/csukuangfj/vits-piper-en_US-joe-medium
vits-piper-nl_BE-nathalie-x_low-int8.tar.bz2,cc0,yes,high,huggingface_model_card,https://huggingface.co/csukuangfj/vits-piper-nl_BE-nathalie-x_low
vits-piper-pt_BR-jeff-medium.tar.bz2,cc0,yes,high,manual,https://huggingface.co/rhasspy/piper-voices/tree/main
vits-piper-ru_RU-ruslan-medium-fp16.tar.bz2,cc-by-nc-sa-4.0,no,medium,huggingface_model_card,https://huggingface.co/csukuangfj/vits-piper-ru_RU-ruslan-medium
vits-piper-tr_TR-dfki-medium-int8.tar.bz2,cc-by-nc-sa-4.0,no,medium,huggingface_model_card,https://huggingface.co/csukuangfj/vits-piper-tr_TR-dfki-medium
vits-piper-en_US-joe-medium-fp16.tar.bz2,cc0,yes,high,huggingface_model_card,https://huggingface.co/csukuangfj/vits-piper-en_US-joe-medium
vits-piper-nl_BE-nathalie-x_low-fp16.tar.bz2,cc0,yes,high,huggingface_model_card,https://huggingface.co/csukuangfj/vits-piper-nl_BE-nathalie-x_low
vits-piper-ml_IN-arjun-medium-int8.tar.bz2,apache-2.0,yes,high,manual,https://www.kaggle.com/code/mpwolke/indic-tts-malayalam-speech-corpus
vits-piper-pt_BR-jeff-medium-int8.tar.bz2,cc0,yes,high,manual,https://huggingface.co/rhasspy/piper-voices/tree/main
vits-piper-en_US-libritts_r-medium.tar.bz2,cc-by-4.0,yes,medium,huggingface_model_card,https://huggingface.co/csukuangfj/vits-piper-en_US-libritts_r-medium
vits-piper-ru_RU-irina-medium.tar.bz2,gpl-2.0,conditional,medium,huggingface_model_card,https://github.com/RHVoice/RHVoice
vits-piper-en_US-hfc_male-medium.tar.bz2,cc-by-nc-sa-4.0,no,medium,huggingface_model_card,https://huggingface.co/csukuangfj/vits-piper-en_US-hfc_male-medium
vits-piper-tr_TR-dfki-medium-fp16.tar.bz2,cc-by-nc-sa-4.0,no,medium,huggingface_model_card,https://huggingface.co/csukuangfj/vits-piper-tr_TR-dfki-medium
vits-piper-nl_BE-nathalie-medium.tar.bz2,cc0,yes,high,huggingface_model_card,https://huggingface.co/csukuangfj/vits-piper-nl_BE-nathalie-medium
vits-piper-pt_BR-jeff-medium-fp16.tar.bz2,cc0,yes,high,manual,https://huggingface.co/rhasspy/piper-voices/tree/main
vits-piper-uk_UA-lada-x_low.tar.bz2,apache-2.0,yes,high,huggingface_model_card,https://huggingface.co/csukuangfj/vits-piper-uk_UA-lada-x_low
vits-piper-ml_IN-arjun-medium-fp16.tar.bz2,apache-2.0,yes,high,manual,https://www.kaggle.com/code/mpwolke/indic-tts-malayalam-speech-corpus
vits-piper-en_US-libritts_r-medium-int8.tar.bz2,cc-by-4.0,yes,medium,huggingface_model_card,https://huggingface.co/csukuangfj/vits-piper-en_US-libritts_r-medium
vits-piper-ru_RU-irina-medium-int8.tar.bz2,gpl-2.0,conditional,medium,huggingface_model_card,https://github.com/RHVoice/RHVoice
vits-piper-sw_CD-lanfrica-medium.tar.bz2,cc-by-4.0,yes,medium,huggingface_model_card,https://data.mendeley.com/datasets/vbvj6j6pm9/1
vits-piper-nl_BE-nathalie-medium-int8.tar.bz2,cc0,yes,high,huggingface_model_card,https://huggingface.co/csukuangfj/vits-piper-nl_BE-nathalie-medium
vits-piper-en_US-hfc_male-medium-int8.tar.bz2,cc-by-nc-sa-4.0,no,medium,huggingface_model_card,https://huggingface.co/csukuangfj/vits-piper-en_US-hfc_male-medium
vits-piper-pt_BR-faber-medium.tar.bz2,cc0,yes,high,huggingface_model_card,https://huggingface.co/csukuangfj/vits-piper-pt_BR-faber-medium
vits-piper-en_US-sam-medium.tar.bz2,apache-2.0,yes,high,manual,https://huggingface.co/rhasspy/piper-voices/tree/main
vits-piper-en_US-libritts_r-medium-fp16.tar.bz2,cc-by-4.0,yes,medium,huggingface_model_card,https://huggingface.co/csukuangfj/vits-piper-en_US-libritts_r-medium
vits-piper-uk_UA-lada-x_low-int8.tar.bz2,apache-2.0,yes,high,huggingface_model_card,https://huggingface.co/csukuangfj/vits-piper-uk_UA-lada-x_low
vits-piper-lv_LV-aivars-medium.tar.bz2,cc0,yes,high,huggingface_model_card,https://huggingface.co/csukuangfj/vits-piper-lv_LV-aivars-medium
vits-piper-ru_RU-irina-medium-fp16.tar.bz2,gpl-2.0,conditional,medium,huggingface_model_card,https://github.com/RHVoice/RHVoice
vits-piper-nl_BE-nathalie-medium-fp16.tar.bz2,cc0,yes,high,huggingface_model_card,https://huggingface.co/csukuangfj/vits-piper-nl_BE-nathalie-medium
vits-piper-en_US-hfc_male-medium-fp16.tar.bz2,cc-by-nc-sa-4.0,no,medium,huggingface_model_card,https://huggingface.co/csukuangfj/vits-piper-en_US-hfc_male-medium
vits-piper-sw_CD-lanfrica-medium-int8.tar.bz2,cc-by-4.0,yes,medium,huggingface_model_card,https://data.mendeley.com/datasets/vbvj6j6pm9/1
vits-piper-pt_BR-faber-medium-int8.tar.bz2,cc0,yes,high,manual,https://huggingface.co/rhasspy/piper-voices/tree/main
vits-piper-en_US-libritts-high.tar.bz2,cc-by-4.0,yes,medium,huggingface_model_card,https://huggingface.co/csukuangfj/vits-piper-en_US-libritts-high
vits-piper-en_US-hfc_female-medium.tar.bz2,cc-by-nc-sa-4.0,no,medium,huggingface_model_card,https://huggingface.co/csukuangfj/vits-piper-en_US-hfc_female-medium
vits-piper-ne_NP-google-x_low.tar.bz2,cc-by-sa-4.0,conditional,medium,huggingface_model_card,https://huggingface.co/csukuangfj/vits-piper-ne_NP-google-x_low
vits-piper-uk_UA-lada-x_low-fp16.tar.bz2,apache-2.0,yes,high,huggingface_model_card,https://huggingface.co/csukuangfj/vits-piper-uk_UA-lada-x_low
vits-piper-ru_RU-dmitri-medium.tar.bz2,cc0,yes,high,huggingface_model_card,https://huggingface.co/csukuangfj/vits-piper-ru_RU-dmitri-medium
vits-piper-pt_BR-faber-medium-fp16.tar.bz2,cc0,yes,high,manual,https://huggingface.co/rhasspy/piper-voices/tree/main
vits-piper-sw_CD-lanfrica-medium-fp16.tar.bz2,cc-by-4.0,yes,medium,huggingface_model_card,https://data.mendeley.com/datasets/vbvj6j6pm9/1
vits-piper-en_US-sam-medium-int8.tar.bz2,apache-2.0,yes,high,manual,https://huggingface.co/rhasspy/piper-voices/tree/main
vits-piper-lv_LV-aivars-medium-int8.tar.bz2,cc0,yes,high,manual,https://huggingface.co/rhasspy/piper-voices/tree/main
vits-piper-pt_BR-edresson-low.tar.bz2,cc-by-4.0,yes,medium,huggingface_model_card,https://huggingface.co/csukuangfj/vits-piper-pt_BR-edresson-low
vits-piper-ne_NP-google-x_low-int8.tar.bz2,cc-by-sa-4.0,conditional,high,manual,https://huggingface.co/rhasspy/piper-voices/tree/main
vits-piper-en_US-hfc_female-medium-int8.tar.bz2,cc-by-nc-sa-4.0,no,medium,huggingface_model_card,https://huggingface.co/csukuangfj/vits-piper-en_US-hfc_female-medium
vits-piper-en_US-libritts-high-int8.tar.bz2,cc-by-4.0,yes,medium,huggingface_model_card,https://huggingface.co/csukuangfj/vits-piper-en_US-libritts-high
vits-piper-sv_SE-nst-medium.tar.bz2,cc0,yes,high,huggingface_model_card,https://huggingface.co/csukuangfj/vits-piper-sv_SE-nst-medium
vits-piper-pl_PL-mc_speech-medium.tar.bz2,cc0,yes,high,huggingface_model_card,https://huggingface.co/csukuangfj/vits-piper-pl_PL-mc_speech-medium
vits-piper-ru_RU-dmitri-medium-int8.tar.bz2,cc0,yes,high,manual,https://huggingface.co/rhasspy/piper-voices/tree/main
vits-piper-en_US-sam-medium-fp16.tar.bz2,apache-2.0,yes,high,manual,https://huggingface.co/rhasspy/piper-voices/tree/main
vits-piper-lv_LV-aivars-medium-fp16.tar.bz2,cc0,yes,high,manual,https://huggingface.co/rhasspy/piper-voices/tree/main
vits-piper-ne_NP-google-x_low-fp16.tar.bz2,cc-by-sa-4.0,conditional,high,manual,https://huggingface.co/rhasspy/piper-voices/tree/main
vits-piper-en_US-hfc_female-medium-fp16.tar.bz2,cc-by-nc-sa-4.0,no,medium,huggingface_model_card,https://huggingface.co/csukuangfj/vits-piper-en_US-hfc_female-medium
vits-piper-pt_BR-edresson-low-int8.tar.bz2,cc-by-4.0,yes,medium,huggingface_model_card,https://huggingface.co/csukuangfj/vits-piper-pt_BR-edresson-low
vits-piper-en_US-libritts-high-fp16.tar.bz2,cc-by-4.0,yes,medium,huggingface_model_card,https://huggingface.co/csukuangfj/vits-piper-en_US-libritts-high
vits-piper-ru_RU-dmitri-medium-fp16.tar.bz2,cc0,yes,high,manual,https://huggingface.co/rhasspy/piper-voices/tree/main
vits-piper-sv_SE-nst-medium-int8.tar.bz2,cc0,yes,high,manual,https://huggingface.co/rhasspy/piper-voices/tree/main
vits-piper-pt_BR-edresson-low-fp16.tar.bz2,cc-by-4.0,yes,medium,huggingface_model_card,https://huggingface.co/csukuangfj/vits-piper-pt_BR-edresson-low
vits-piper-en_US-danny-low.tar.bz2,no-license,no,medium,huggingface_model_card,https://github.com/MycroftAI/mimic3-voices
vits-piper-ne_NP-google-medium.tar.bz2,cc-by-sa-4.0,conditional,medium,huggingface_model_card,https://huggingface.co/csukuangfj/vits-piper-ne_NP-google-medium
vits-piper-lb_LU-marylux-medium.tar.bz2,cc-by-nc-sa-4.0,no,medium,huggingface_model_card,https://huggingface.co/csukuangfj/vits-piper-lb_LU-marylux-medium
vits-piper-pl_PL-mc_speech-medium-int8.tar.bz2,cc0,yes,high,manual,https://huggingface.co/rhasspy/piper-voices/tree/main
vits-piper-en_US-ryan-medium.tar.bz2,cc-by-nc-sa-4.0,no,medium,huggingface_model_card,https://huggingface.co/csukuangfj/vits-piper-en_US-ryan-medium
vits-piper-en_US-lessac-medium.tar.bz2,research-only,no,medium,huggingface_model_card,https://huggingface.co/csukuangfj/vits-piper-en_US-lessac-medium
vits-piper-ru_RU-denis-medium.tar.bz2,cc0,yes,high,huggingface_model_card,https://huggingface.co/csukuangfj/vits-piper-ru_RU-denis-medium
vits-piper-sv_SE-nst-medium-fp16.tar.bz2,cc0,yes,high,manual,https://huggingface.co/rhasspy/piper-voices/tree/main
vits-piper-pt_BR-dii-high.tar.bz2,cc-by-nc-sa-4.0,no,high,manual,https://huggingface.co/csukuangfj/vits-piper-pt_BR-dii-high
vits-piper-en_US-danny-low-int8.tar.bz2,no-license,no,medium,huggingface_model_card,https://github.com/MycroftAI/mimic3-voices
vits-piper-ne_NP-google-medium-int8.tar.bz2,cc-by-sa-4.0,conditional,high,manual,https://huggingface.co/rhasspy/piper-voices/tree/main
vits-piper-pl_PL-mc_speech-medium-fp16.tar.bz2,cc0,yes,high,manual,https://huggingface.co/rhasspy/piper-voices/tree/main
vits-piper-lb_LU-marylux-medium-int8.tar.bz2,cc-by-nc-sa-4.0,no,medium,huggingface_model_card,https://huggingface.co/csukuangfj/vits-piper-lb_LU-marylux-medium
vits-piper-sv_SE-lisa-medium.tar.bz2,mit,yes,high,manual,https://huggingface.co/rhasspy/piper-voices/tree/main
vits-piper-uk_UA-ukrainian_tts-medium.tar.bz2,cc0,yes,high,huggingface_model_card,https://huggingface.co/csukuangfj/vits-piper-uk_UA-ukrainian_tts-medium
vits-piper-en_US-lessac-medium-int8.tar.bz2,research-only,no,medium,huggingface_model_card,https://huggingface.co/csukuangfj/vits-piper-en_US-lessac-medium
vits-piper-ru_RU-denis-medium-int8.tar.bz2,cc0,yes,high,manual,https://huggingface.co/rhasspy/piper-voices/tree/main
vits-piper-en_US-ryan-medium-int8.tar.bz2,cc-by-nc-sa-4.0,no,medium,huggingface_model_card,https://huggingface.co/csukuangfj/vits-piper-en_US-ryan-medium
vits-piper-en_US-danny-low-fp16.tar.bz2,no-license,no,medium,huggingface_model_card,https://github.com/MycroftAI/mimic3-voices
vits-piper-pt_BR-dii-high-int8.tar.bz2,cc-by-nc-sa-4.0,no,high,manual,https://huggingface.co/csukuangfj/vits-piper-pt_BR-dii-high
vits-piper-ne_NP-google-medium-fp16.tar.bz2,cc-by-sa-4.0,conditional,high,manual,https://huggingface.co/rhasspy/piper-voices/tree/main
vits-piper-vi_VN-vais1000-medium.tar.bz2,cc-by-4.0,yes,medium,huggingface_model_card,https://huggingface.co/csukuangfj/vits-piper-vi_VN-vais1000-medium
vits-piper-vi_VN-vivos-x_low.tar.bz2,cc-by-nc-sa-4.0,no,medium,huggingface_model_card,https://huggingface.co/csukuangfj/vits-piper-vi_VN-vivos-x_low
vits-piper-en_US-lessac-medium-fp16.tar.bz2,research-only,no,medium,huggingface_model_card,https://huggingface.co/csukuangfj/vits-piper-en_US-lessac-medium
vits-piper-lb_LU-marylux-medium-fp16.tar.bz2,cc-by-nc-sa-4.0,no,medium,huggingface_model_card,https://huggingface.co/csukuangfj/vits-piper-lb_LU-marylux-medium
vits-piper-ru_RU-denis-medium-fp16.tar.bz2,cc0,yes,high,manual,https://huggingface.co/rhasspy/piper-voices/tree/main
vits-piper-pt_BR-dii-high-fp16.tar.bz2,cc-by-nc-sa-4.0,no,high,manual,https://huggingface.co/csukuangfj/vits-piper-pt_BR-dii-high
vits-piper-uk_UA-ukrainian_tts-medium-int8.tar.bz2,cc0,yes,high,manual,https://huggingface.co/rhasspy/piper-voices/tree/main
vits-piper-sv_SE-lisa-medium-int8.tar.bz2,mit,yes,high,manual,https://huggingface.co/rhasspy/piper-voices/tree/main
vits-piper-pl_PL-justyna_wg_glos-medium.tar.bz2,mit,yes,medium,huggingface_model_card,https://huggingface.co/csukuangfj/vits-piper-pl_PL-justyna_wg_glos-medium
vits-piper-en_US-bryce-medium.tar.bz2,public-domain,yes,medium,huggingface_model_card,https://huggingface.co/csukuangfj/vits-piper-en_US-bryce-medium
vits-piper-ne_NP-chitwan-medium.tar.bz2,cc0,yes,high,manual,https://huggingface.co/rhasspy/piper-voices/tree/main
vits-piper-en_US-ryan-medium-fp16.tar.bz2,cc-by-nc-sa-4.0,no,medium,huggingface_model_card,https://huggingface.co/csukuangfj/vits-piper-en_US-ryan-medium
vits-piper-vi_VN-vivos-x_low-int8.tar.bz2,cc-by-nc-sa-4.0,no,medium,huggingface_model_card,https://huggingface.co/csukuangfj/vits-piper-vi_VN-vivos-x_low
vits-piper-vi_VN-vais1000-medium-int8.tar.bz2,cc-by-4.0,yes,medium,huggingface_model_card,https://huggingface.co/csukuangfj/vits-piper-vi_VN-vais1000-medium
vits-piper-en_US-lessac-low.tar.bz2,research-only,no,medium,huggingface_model_card,https://huggingface.co/csukuangfj/vits-piper-en_US-lessac-low
vits-piper-pt_BR-cadu-medium.tar.bz2,cc0,yes,high,manual,https://huggingface.co/rhasspy/piper-voices/tree/main
vits-piper-sv_SE-lisa-medium-fp16.tar.bz2,mit,yes,high,manual,https://huggingface.co/rhasspy/piper-voices/tree/main
vits-piper-ro_RO-mihai-medium.tar.bz2,cc0,yes,high,huggingface_model_card,https://huggingface.co/csukuangfj/vits-piper-ro_RO-mihai-medium
vits-piper-uk_UA-ukrainian_tts-medium-fp16.tar.bz2,cc0,yes,high,manual,https://huggingface.co/rhasspy/piper-voices/tree/main
vits-piper-en_US-bryce-medium-int8.tar.bz2,cc0,yes,high,manual,https://huggingface.co/rhasspy/piper-voices/tree/main
vits-piper-kk_KZ-raya-x_low.tar.bz2,cc-by-4.0,yes,medium,huggingface_model_card,https://huggingface.co/csukuangfj/vits-piper-kk_KZ-raya-x_low
vits-piper-ne_NP-chitwan-medium-int8.tar.bz2,cc0,yes,high,manual,https://huggingface.co/rhasspy/piper-voices/tree/main
vits-piper-pl_PL-justyna_wg_glos-medium-int8.tar.bz2,mit,yes,medium,huggingface_model_card,https://huggingface.co/csukuangfj/vits-piper-pl_PL-justyna_wg_glos-medium
vits-piper-pt_BR-cadu-medium-int8.tar.bz2,cc0,yes,high,manual,https://huggingface.co/rhasspy/piper-voices/tree/main
vits-piper-en_US-ryan-low.tar.bz2,cc-by-nc-sa-4.0,no,medium,huggingface_model_card,https://huggingface.co/csukuangfj/vits-piper-en_US-ryan-low
vits-piper-en_US-lessac-low-int8.tar.bz2,research-only,no,medium,huggingface_model_card,https://huggingface.co/csukuangfj/vits-piper-en_US-lessac-low
vits-piper-sr_RS-serbski_institut-medium.tar.bz2,cc-by-nc-sa-4.0,no,medium,huggingface_model_card,https://huggingface.co/csukuangfj/vits-piper-sr_RS-serbski_institut-medium
vits-piper-en_US-bryce-medium-fp16.tar.bz2,cc0,yes,high,manual,https://huggingface.co/rhasspy/piper-voices/tree/main
vits-piper-vi_VN-vivos-x_low-fp16.tar.bz2,cc-by-nc-sa-4.0,no,medium,huggingface_model_card,https://huggingface.co/csukuangfj/vits-piper-vi_VN-vivos-x_low
vits-piper-vi_VN-vais1000-medium-fp16.tar.bz2,cc-by-4.0,yes,medium,huggingface_model_card,https://huggingface.co/csukuangfj/vits-piper-vi_VN-vais1000-medium
vits-piper-ro_RO-mihai-medium-int8.tar.bz2,cc0,yes,high,manual,https://huggingface.co/rhasspy/piper-voices/tree/main
vits-piper-kk_KZ-raya-x_low-int8.tar.bz2,cc-by-4.0,yes,high,manual,https://huggingface.co/rhasspy/piper-voices/tree/main
vits-piper-ne_NP-chitwan-medium-fp16.tar.bz2,cc0,yes,high,manual,https://huggingface.co/rhasspy/piper-voices/tree/main
vits-piper-pt_BR-cadu-medium-fp16.tar.bz2,cc0,yes,high,manual,https://huggingface.co/rhasspy/piper-voices/tree/main
vits-piper-en_US-lessac-low-fp16.tar.bz2,research-only,no,medium,huggingface_model_card,https://huggingface.co/csukuangfj/vits-piper-en_US-lessac-low
vits-piper-en_US-arctic-medium.tar.bz2,bsd-3-clause,yes,medium,huggingface_model_card,https://huggingface.co/csukuangfj/vits-piper-en_US-arctic-medium
vits-piper-sr_RS-serbski_institut-medium-int8.tar.bz2,cc-by-4.0,yes,high,manual,https://huggingface.co/rhasspy/piper-voices/tree/main
vits-piper-el_GR-rapunzelina-low.tar.bz2,cc0,yes,high,huggingface_model_card,https://huggingface.co/csukuangfj/vits-piper-el_GR-rapunzelina-low
vits-piper-el_GR-rapunzelina-low-int8.tar.bz2,cc0,yes,high,manual,https://huggingface.co/rhasspy/piper-voices/tree/main
vits-piper-el_GR-rapunzelina-low-fp16.tar.bz2,cc0,yes,high,manual,https://huggingface.co/rhasspy/piper-voices/tree/main
vits-piper-de_DE-karlsson-low.tar.bz2,bsd-3-clause,yes,medium,huggingface_model_card,https://huggingface.co/csukuangfj/vits-piper-de_DE-karlsson-low
vits-piper-de_DE-karlsson-low-int8.tar.bz2,bsd-3-clause,yes,high,manual,https://huggingface.co/rhasspy/piper-voices/tree/main
vits-piper-de_DE-thorsten_emotional-medium.tar.bz2,cc0,yes,high,huggingface_model_card,https://huggingface.co/csukuangfj/vits-piper-de_DE-thorsten_emotional-medium
vits-piper-de_DE-karlsson-low-fp16.tar.bz2,bsd-3-clause,yes,high,manual,https://huggingface.co/rhasspy/piper-voices/tree/main
vits-piper-de_DE-thorsten_emotional-medium-int8.tar.bz2,cc0,yes,high,manual,https://huggingface.co/rhasspy/piper-voices/tree/main
vits-piper-de_DE-eva_k-x_low.tar.bz2,bsd-3-clause,yes,medium,huggingface_model_card,https://huggingface.co/csukuangfj/vits-piper-de_DE-eva_k-x_low
vits-piper-de_DE-thorsten_emotional-medium-fp16.tar.bz2,cc0,yes,high,manual,https://huggingface.co/rhasspy/piper-voices/tree/main
vits-piper-de_DE-eva_k-x_low-int8.tar.bz2,bsd-3-clause,yes,high,manual,https://huggingface.co/rhasspy/piper-voices/tree/main
vits-piper-de_DE-thorsten-medium.tar.bz2,cc0,yes,high,huggingface_model_card,https://huggingface.co/csukuangfj/vits-piper-de_DE-thorsten-medium
vits-piper-de_DE-eva_k-x_low-fp16.tar.bz2,bsd-3-clause,yes,high,manual,https://huggingface.co/rhasspy/piper-voices/tree/main
vits-piper-de_DE-thorsten-medium-int8.tar.bz2,cc0,yes,high,manual,https://huggingface.co/rhasspy/piper-voices/tree/main
vits-piper-da_DK-talesyntese-medium.tar.bz2,cc0,yes,high,huggingface_model_card,https://huggingface.co/csukuangfj/vits-piper-da_DK-talesyntese-medium
vits-piper-de_DE-thorsten-medium-fp16.tar.bz2,cc0,yes,high,manual,https://huggingface.co/rhasspy/piper-voices/tree/main
vits-piper-da_DK-talesyntese-medium-int8.tar.bz2,cc0,yes,high,manual,https://huggingface.co/rhasspy/piper-voices/tree/main
vits-piper-de_DE-thorsten-low.tar.bz2,cc0,yes,high,huggingface_model_card,https://huggingface.co/csukuangfj/vits-piper-de_DE-thorsten-low
vits-piper-da_DK-talesyntese-medium-fp16.tar.bz2,cc0,yes,high,manual,https://huggingface.co/rhasspy/piper-voices/tree/main
vits-piper-de_DE-thorsten-low-int8.tar.bz2,cc0,yes,high,manual,https://huggingface.co/rhasspy/piper-voices/tree/main
vits-piper-cy_GB-gwryw_gogleddol-medium.tar.bz2,no-license,no,medium,huggingface_model_card,https://huggingface.co/csukuangfj/vits-piper-cy_GB-gwryw_gogleddol-medium
vits-piper-de_DE-thorsten-low-fp16.tar.bz2,cc0,yes,high,manual,https://huggingface.co/rhasspy/piper-voices/tree/main
vits-piper-cy_GB-gwryw_gogleddol-medium-int8.tar.bz2,no-license,no,high,manual,https://huggingface.co/rhasspy/piper-voices/tree/main
vits-piper-de_DE-thorsten-high.tar.bz2,cc0,yes,high,huggingface_model_card,https://huggingface.co/csukuangfj/vits-piper-de_DE-thorsten-high
vits-piper-cy_GB-gwryw_gogleddol-medium-fp16.tar.bz2,no-license,no,high,manual,https://huggingface.co/rhasspy/piper-voices/tree/main
vits-piper-cy_GB-bu_tts-medium.tar.bz2,cc-by,yes,high,manual,https://huggingface.co/rhasspy/piper-voices/tree/main
vits-piper-de_DE-thorsten-high-int8.tar.bz2,cc0,yes,high,manual,https://huggingface.co/rhasspy/piper-voices/tree/main
vits-piper-cy_GB-bu_tts-medium-int8.tar.bz2,cc-by,yes,high,manual,https://huggingface.co/rhasspy/piper-voices/tree/main
vits-piper-de_DE-thorsten-high-fp16.tar.bz2,cc0,yes,high,manual,https://huggingface.co/rhasspy/piper-voices/tree/main
vits-piper-cy_GB-bu_tts-medium-fp16.tar.bz2,cc-by,yes,high,manual,https://huggingface.co/rhasspy/piper-voices/tree/main
vits-piper-de_DE-ramona-low.tar.bz2,bsd-3-clause,yes,medium,huggingface_model_card,https://huggingface.co/csukuangfj/vits-piper-de_DE-ramona-low
vits-piper-cs_CZ-jirka-medium.tar.bz2,cc0,yes,high,huggingface_model_card,https://huggingface.co/csukuangfj/vits-piper-cs_CZ-jirka-medium
vits-piper-de_DE-ramona-low-int8.tar.bz2,bsd-3-clause,yes,high,manual,https://huggingface.co/rhasspy/piper-voices/tree/main
vits-piper-cs_CZ-jirka-medium-int8.tar.bz2,cc0,yes,high,manual,https://huggingface.co/rhasspy/piper-voices/tree/main
vits-piper-de_DE-ramona-low-fp16.tar.bz2,bsd-3-clause,yes,high,manual,https://huggingface.co/rhasspy/piper-voices/tree/main
vits-piper-cs_CZ-jirka-medium-fp16.tar.bz2,cc0,yes,high,manual,https://huggingface.co/rhasspy/piper-voices/tree/main
vits-piper-de_DE-pavoque-low.tar.bz2,cc-by-nc-sa-4.0,no,medium,huggingface_model_card,https://huggingface.co/csukuangfj/vits-piper-de_DE-pavoque-low
vits-piper-cs_CZ-jirka-low.tar.bz2,cc0,yes,high,huggingface_model_card,https://huggingface.co/csukuangfj/vits-piper-cs_CZ-jirka-low
vits-piper-de_DE-pavoque-low-int8.tar.bz2,cc-by-nc-sa-4.0,no,high,manual,https://huggingface.co/rhasspy/piper-voices/tree/main
vits-piper-cs_CZ-jirka-low-int8.tar.bz2,cc0,yes,high,manual,https://huggingface.co/rhasspy/piper-voices/tree/main
vits-piper-de_DE-pavoque-low-fp16.tar.bz2,cc-by-nc-sa-4.0,no,high,manual,https://huggingface.co/rhasspy/piper-voices/tree/main
vits-piper-cs_CZ-jirka-low-fp16.tar.bz2,cc0,yes,high,manual,https://huggingface.co/rhasspy/piper-voices/tree/main
vits-piper-de_DE-miro-high.tar.bz2,cc-by-nc-sa-4.0,no,high,huggingface_model_card,https://huggingface.co/csukuangfj/vits-piper-de_DE-miro-high
vits-piper-ca_ES-upc_pau-x_low.tar.bz2,cc-by-sa-3.0-es,conditional,medium,huggingface_model_card,https://huggingface.co/csukuangfj/vits-piper-ca_ES-upc_pau-x_low
vits-piper-de_DE-miro-high-int8.tar.bz2,cc-by-nc-sa-4.0,no,high,manual,https://huggingface.co/csukuangfj/vits-piper-de_DE-miro-high
vits-piper-ca_ES-upc_pau-x_low-int8.tar.bz2,cc-by-sa,conditional,high,manual,https://huggingface.co/rhasspy/piper-voices/tree/main
vits-piper-ca_ES-upc_pau-x_low-fp16.tar.bz2,cc-by-sa,conditional,high,manual,https://huggingface.co/rhasspy/piper-voices/tree/main
vits-piper-de_DE-miro-high-fp16.tar.bz2,cc-by-nc-sa-4.0,no,high,huggingface_model_card,https://huggingface.co/csukuangfj/vits-piper-de_DE-miro-high
vits-piper-ca_ES-upc_ona-x_low.tar.bz2,cc-by-sa-3.0-es,conditional,medium,huggingface_model_card,https://huggingface.co/csukuangfj/vits-piper-ca_ES-upc_ona-x_low
vits-piper-de_DE-kerstin-low.tar.bz2,cc0,yes,high,huggingface_model_card,https://huggingface.co/csukuangfj/vits-piper-de_DE-kerstin-low
vits-piper-ca_ES-upc_ona-x_low-int8.tar.bz2,cc-by-sa,conditional,high,manual,https://huggingface.co/rhasspy/piper-voices/tree/main
vits-piper-de_DE-kerstin-low-int8.tar.bz2,cc0,yes,high,manual,https://huggingface.co/rhasspy/piper-voices/tree/main
vits-piper-ca_ES-upc_ona-x_low-fp16.tar.bz2,cc-by-sa,conditional,high,manual,https://huggingface.co/rhasspy/piper-voices/tree/main
vits-piper-de_DE-kerstin-low-fp16.tar.bz2,cc0,yes,high,manual,https://huggingface.co/rhasspy/piper-voices/tree/main
vits-piper-ca_ES-upc_ona-medium.tar.bz2,cc-by-sa-3.0-es,conditional,medium,huggingface_model_card,https://huggingface.co/csukuangfj/vits-piper-ca_ES-upc_ona-medium
vits-piper-de_DE-glados_turret-medium.tar.bz2,proprietary-restricted,no,high,manual,https://huggingface.co/systemofapwne/piper-de-glados
vits-piper-ca_ES-upc_ona-medium-int8.tar.bz2,cc-by-sa,conditional,high,manual,https://huggingface.co/rhasspy/piper-voices/tree/main
vits-piper-de_DE-glados_turret-medium-int8.tar.bz2,proprietary-restricted,no,high,manual,https://huggingface.co/systemofapwne/piper-de-glados
vits-piper-ca_ES-upc_ona-medium-fp16.tar.bz2,cc-by-sa,conditional,high,manual,https://huggingface.co/rhasspy/piper-voices/tree/main
vits-piper-de_DE-glados_turret-medium-fp16.tar.bz2,proprietary-restricted,no,high,manual,https://huggingface.co/systemofapwne/piper-de-glados
vits-piper-ar_JO-kareem-medium.tar.bz2,no-license,no,medium,huggingface_model_card,https://huggingface.co/csukuangfj/vits-piper-ar_JO-kareem-medium
vits-piper-de_DE-glados_turret-low.tar.bz2,proprietary-restricted,no,high,manual,https://huggingface.co/systemofapwne/piper-de-glados
vits-piper-ar_JO-kareem-medium-int8.tar.bz2,no-license,no,high,manual,https://huggingface.co/rhasspy/piper-voices/tree/main
vits-piper-de_DE-glados_turret-low-int8.tar.bz2,proprietary-restricted,no,high,manual,https://huggingface.co/systemofapwne/piper-de-glados
vits-piper-ar_JO-kareem-medium-fp16.tar.bz2,no-license,no,high,manual,https://huggingface.co/rhasspy/piper-voices/tree/main
vits-piper-de_DE-glados_turret-low-fp16.tar.bz2,proprietary-restricted,no,high,manual,https://huggingface.co/systemofapwne/piper-de-glados
vits-piper-ar_JO-kareem-low.tar.bz2,no-license,no,medium,huggingface_model_card,https://huggingface.co/csukuangfj/vits-piper-ar_JO-kareem-low
vits-piper-de_DE-glados_turret-high.tar.bz2,proprietary-restricted,no,high,manual,https://huggingface.co/systemofapwne/piper-de-glados
vits-piper-ar_JO-kareem-low-int8.tar.bz2,no-license,no,high,manual,https://huggingface.co/rhasspy/piper-voices/tree/main
vits-piper-de_DE-glados_turret-high-int8.tar.bz2,proprietary-restricted,no,high,manual,https://huggingface.co/systemofapwne/piper-de-glados
vits-piper-ar_JO-kareem-low-fp16.tar.bz2,no-license,no,high,manual,https://huggingface.co/rhasspy/piper-voices/tree/main
vits-piper-de_DE-glados_turret-high-fp16.tar.bz2,proprietary-restricted,no,high,manual,https://huggingface.co/systemofapwne/piper-de-glados
vits-piper-ar_JO-SA_miro_V2-high.tar.bz2,cc-by-nc-sa-4.0,no,high,huggingface_model_card,https://huggingface.co/csukuangfj/vits-piper-ar_JO-SA_miro_V2-high
vits-piper-de_DE-glados-medium.tar.bz2,proprietary-restricted,no,high,manual,https://huggingface.co/systemofapwne/piper-de-glados
vits-piper-ar_JO-SA_miro_V2-high-int8.tar.bz2,cc-by-nc-sa-4.0,no,high,huggingface_model_card,https://huggingface.co/csukuangfj/vits-piper-ar_JO-SA_miro_V2-high
vits-piper-ar_JO-SA_miro_V2-high-fp16.tar.bz2,cc-by-nc-sa-4.0,no,high,huggingface_model_card,https://huggingface.co/csukuangfj/vits-piper-ar_JO-SA_miro_V2-high
vits-piper-de_DE-glados-medium-int8.tar.bz2,proprietary-restricted,no,high,manual,https://huggingface.co/systemofapwne/piper-de-glados
vits-piper-ar_JO-SA_miro-high.tar.bz2,cc-by-nc-sa-4.0,no,high,manual,https://huggingface.co/csukuangfj/vits-piper-ar_JO-SA_miro-high
vits-piper-de_DE-glados-medium-fp16.tar.bz2,proprietary-restricted,no,high,manual,https://huggingface.co/systemofapwne/piper-de-glados
vits-piper-ar_JO-SA_miro-high-int8.tar.bz2,cc-by-nc-sa-4.0,no,high,manual,https://huggingface.co/csukuangfj/vits-piper-ar_JO-SA_miro-high
vits-piper-de_DE-glados-low.tar.bz2,proprietary-restricted,no,high,manual,https://huggingface.co/systemofapwne/piper-de-glados
vits-piper-ar_JO-SA_miro-high-fp16.tar.bz2,cc-by-nc-sa-4.0,no,high,manual,https://huggingface.co/csukuangfj/vits-piper-ar_JO-SA_miro-high
vits-piper-de_DE-glados-low-int8.tar.bz2,proprietary-restricted,no,high,manual,https://huggingface.co/systemofapwne/piper-de-glados
vits-piper-ar_JO-SA_dii-high.tar.bz2,cc-by-nc-sa-4.0,no,high,huggingface_model_card,https://huggingface.co/csukuangfj/vits-piper-ar_JO-SA_dii-high
vits-piper-de_DE-glados-low-fp16.tar.bz2,proprietary-restricted,no,high,manual,https://huggingface.co/systemofapwne/piper-de-glados
vits-piper-ar_JO-SA_dii-high-int8.tar.bz2,cc-by-nc-sa-4.0,no,high,huggingface_model_card,https://huggingface.co/csukuangfj/vits-piper-ar_JO-SA_dii-high
vits-piper-de_DE-glados-high.tar.bz2,proprietary-restricted,no,high,manual,https://huggingface.co/systemofapwne/piper-de-glados
vits-piper-ar_JO-SA_dii-high-fp16.tar.bz2,cc-by-nc-sa-4.0,no,high,huggingface_model_card,https://huggingface.co/csukuangfj/vits-piper-ar_JO-SA_dii-high
vits-piper-de_DE-glados-high-int8.tar.bz2,proprietary-restricted,no,high,manual,https://huggingface.co/systemofapwne/piper-de-glados
vits-piper-de_DE-glados-high-fp16.tar.bz2,proprietary-restricted,no,high,manual,https://huggingface.co/systemofapwne/piper-de-glados
vits-piper-de_DE-dii-high.tar.bz2,cc-by-nc-sa-4.0,no,high,huggingface_model_card,https://huggingface.co/csukuangfj/vits-piper-de_DE-dii-high
vits-piper-de_DE-dii-high-int8.tar.bz2,cc-by-nc-sa-4.0,no,high,huggingface_model_card,https://huggingface.co/csukuangfj/vits-piper-de_DE-dii-high
vits-piper-de_DE-dii-high-fp16.tar.bz2,cc-by-nc-sa-4.0,no,high,huggingface_model_card,https://huggingface.co/csukuangfj/vits-piper-de_DE-dii-high
vits-piper-it_IT-riccardo-x_low.tar.bz2,bsd-3-clause,yes,medium,huggingface_model_card,https://huggingface.co/csukuangfj/vits-piper-it_IT-riccardo-x_low
vits-piper-it_IT-riccardo-x_low-int8.tar.bz2,bsd-3-clause,yes,high,manual,https://huggingface.co/rhasspy/piper-voices/tree/main
vits-piper-it_IT-riccardo-x_low-fp16.tar.bz2,bsd-3-clause,yes,high,manual,https://huggingface.co/rhasspy/piper-voices/tree/main
vits-piper-it_IT-paola-medium.tar.bz2,cc0,yes,medium,huggingface_model_card,https://huggingface.co/csukuangfj/vits-piper-it_IT-paola-medium
vits-piper-it_IT-paola-medium-int8.tar.bz2,cc0,yes,high,manual,https://huggingface.co/rhasspy/piper-voices/tree/main
vits-piper-it_IT-paola-medium-fp16.tar.bz2,cc0,yes,high,manual,https://huggingface.co/rhasspy/piper-voices/tree/main
vits-piper-it_IT-miro-high.tar.bz2,cc-by-nc-sa-4.0,no,high,huggingface_model_card,https://huggingface.co/csukuangfj/vits-piper-it_IT-miro-high
vits-piper-it_IT-miro-high-int8.tar.bz2,cc-by-nc-sa-4.0,no,high,huggingface_model_card,https://huggingface.co/csukuangfj/vits-piper-it_IT-miro-high
vits-piper-it_IT-miro-high-fp16.tar.bz2,cc-by-nc-sa-4.0,no,high,huggingface_model_card,https://huggingface.co/csukuangfj/vits-piper-it_IT-miro-high
vits-piper-is_IS-ugla-medium.tar.bz2,cc-by-4.0,yes,medium,huggingface_model_card,https://huggingface.co/csukuangfj/vits-piper-is_IS-ugla-medium
vits-piper-is_IS-ugla-medium-int8.tar.bz2,cc-by-4.0,yes,high,manual,https://huggingface.co/rhasspy/piper-voices/tree/main
vits-piper-is_IS-ugla-medium-fp16.tar.bz2,cc-by-4.0,yes,high,manual,https://huggingface.co/rhasspy/piper-voices/tree/main
vits-piper-is_IS-steinn-medium.tar.bz2,cc-by-4.0,yes,medium,huggingface_model_card,https://huggingface.co/csukuangfj/vits-piper-is_IS-steinn-medium
vits-piper-it_IT-dii-high.tar.bz2,cc-by-nc-sa-4.0,no,high,huggingface_model_card,https://huggingface.co/csukuangfj/vits-piper-it_IT-dii-high
vits-piper-is_IS-steinn-medium-int8.tar.bz2,cc-by-4.0,yes,high,manual,https://huggingface.co/rhasspy/piper-voices/tree/main
vits-piper-is_IS-steinn-medium-fp16.tar.bz2,cc-by-4.0,yes,high,manual,https://huggingface.co/rhasspy/piper-voices/tree/main
vits-piper-it_IT-dii-high-int8.tar.bz2,cc-by-nc-sa-4.0,no,high,huggingface_model_card,https://huggingface.co/csukuangfj/vits-piper-it_IT-dii-high
vits-piper-is_IS-salka-medium.tar.bz2,cc-by-4.0,yes,medium,huggingface_model_card,https://huggingface.co/csukuangfj/vits-piper-is_IS-salka-medium
vits-piper-it_IT-dii-high-fp16.tar.bz2,cc-by-nc-sa-4.0,no,high,huggingface_model_card,https://huggingface.co/csukuangfj/vits-piper-it_IT-dii-high
vits-piper-is_IS-salka-medium-int8.tar.bz2,cc-by-4.0,yes,high,manual,https://huggingface.co/rhasspy/piper-voices/tree/main
vits-piper-fr_FR-tom-medium.tar.bz2,agpl-3.0,conditional,medium,huggingface_model_card,https://huggingface.co/csukuangfj/vits-piper-fr_FR-tom-medium
vits-piper-is_IS-salka-medium-fp16.tar.bz2,cc-by-4.0,yes,high,manual,https://huggingface.co/rhasspy/piper-voices/tree/main
vits-piper-is_IS-bui-medium.tar.bz2,cc-by-4.0,yes,medium,huggingface_model_card,https://huggingface.co/csukuangfj/vits-piper-is_IS-bui-medium
vits-piper-fr_FR-tom-medium-int8.tar.bz2,agpl-3.0,conditional,medium,huggingface_model_card,https://huggingface.co/csukuangfj/vits-piper-fr_FR-tom-medium
vits-piper-is_IS-bui-medium-int8.tar.bz2,cc-by-4.0,yes,high,manual,https://huggingface.co/rhasspy/piper-voices/tree/main
vits-piper-fr_FR-tom-medium-fp16.tar.bz2,agpl-3.0,conditional,medium,huggingface_model_card,https://huggingface.co/csukuangfj/vits-piper-fr_FR-tom-medium
vits-piper-is_IS-bui-medium-fp16.tar.bz2,cc-by-4.0,yes,high,manual,https://huggingface.co/rhasspy/piper-voices/tree/main
vits-piper-id_ID-news_tts-medium.tar.bz2,apache-2.0,yes,medium,huggingface_model_card,https://huggingface.co/csukuangfj/vits-piper-id_ID-news_tts-medium
vits-piper-fr_FR-siwis-medium.tar.bz2,cc-by-4.0,yes,medium,huggingface_model_card,https://huggingface.co/csukuangfj/vits-piper-fr_FR-siwis-medium
vits-piper-id_ID-news_tts-medium-int8.tar.bz2,apache-2.0,yes,high,manual,https://huggingface.co/rhasspy/piper-voices/tree/main
vits-piper-fr_FR-siwis-medium-int8.tar.bz2,cc-by-4.0,yes,medium,huggingface_model_card,https://huggingface.co/csukuangfj/vits-piper-fr_FR-siwis-medium
vits-piper-id_ID-news_tts-medium-fp16.tar.bz2,apache-2.0,yes,high,manual,https://huggingface.co/rhasspy/piper-voices/tree/main
vits-piper-hu_HU-imre-medium.tar.bz2,cc0,yes,high,huggingface_model_card,https://huggingface.co/csukuangfj/vits-piper-hu_HU-imre-medium
vits-piper-fr_FR-siwis-medium-fp16.tar.bz2,cc-by-4.0,yes,medium,huggingface_model_card,https://huggingface.co/csukuangfj/vits-piper-fr_FR-siwis-medium
vits-piper-hu_HU-imre-medium-int8.tar.bz2,cc0,yes,high,manual,https://huggingface.co/rhasspy/piper-voices/tree/main
vits-piper-fr_FR-siwis-low.tar.bz2,cc-by-4.0,yes,medium,huggingface_model_card,https://huggingface.co/csukuangfj/vits-piper-fr_FR-siwis-low
vits-piper-hu_HU-imre-medium-fp16.tar.bz2,cc0,yes,high,manual,https://huggingface.co/rhasspy/piper-voices/tree/main
vits-piper-fr_FR-siwis-low-int8.tar.bz2,cc-by-4.0,yes,medium,huggingface_model_card,https://huggingface.co/csukuangfj/vits-piper-fr_FR-siwis-low
vits-piper-hu_HU-berta-medium.tar.bz2,cc0,yes,high,huggingface_model_card,https://huggingface.co/csukuangfj/vits-piper-hu_HU-berta-medium
vits-piper-fr_FR-siwis-low-fp16.tar.bz2,cc-by-4.0,yes,medium,huggingface_model_card,https://huggingface.co/csukuangfj/vits-piper-fr_FR-siwis-low
vits-piper-hu_HU-berta-medium-int8.tar.bz2,cc0,yes,high,manual,https://huggingface.co/rhasspy/piper-voices/tree/main
vits-piper-hu_HU-berta-medium-fp16.tar.bz2,cc0,yes,high,manual,https://huggingface.co/rhasspy/piper-voices/tree/main
vits-piper-fr_FR-gilles-low.tar.bz2,cc0,yes,high,huggingface_model_card,https://huggingface.co/csukuangfj/vits-piper-fr_FR-gilles-low
vits-piper-hu_HU-anna-medium.tar.bz2,cc0,yes,high,huggingface_model_card,https://huggingface.co/csukuangfj/vits-piper-hu_HU-anna-medium
vits-piper-fr_FR-gilles-low-int8.tar.bz2,cc0,yes,high,manual,https://huggingface.co/rhasspy/piper-voices/tree/main
vits-piper-hu_HU-anna-medium-int8.tar.bz2,cc0,yes,high,manual,https://huggingface.co/rhasspy/piper-voices/tree/main
vits-piper-fr_FR-gilles-low-fp16.tar.bz2,cc0,yes,high,manual,https://huggingface.co/rhasspy/piper-voices/tree/main
vits-piper-hu_HU-anna-medium-fp16.tar.bz2,cc0,yes,high,manual,https://huggingface.co/rhasspy/piper-voices/tree/main
vits-piper-hi_IN-rohan-medium.tar.bz2,proprietary-restricted,yes,medium,huggingface_model_card,https://huggingface.co/csukuangfj/vits-piper-hi_IN-rohan-medium
vits-piper-fi_FI-harri-medium.tar.bz2,cc0,yes,high,huggingface_model_card,https://huggingface.co/csukuangfj/vits-piper-fi_FI-harri-medium
vits-piper-hi_IN-rohan-medium-int8.tar.bz2,proprietary-restricted,no,high,manual,https://huggingface.co/rhasspy/piper-voices/tree/main
vits-piper-fi_FI-harri-medium-int8.tar.bz2,cc0,yes,high,manual,https://huggingface.co/rhasspy/piper-voices/tree/main
vits-piper-hi_IN-rohan-medium-fp16.tar.bz2,proprietary-restricted,no,high,manual,https://huggingface.co/rhasspy/piper-voices/tree/main
vits-piper-fi_FI-harri-medium-fp16.tar.bz2,cc0,yes,high,manual,https://huggingface.co/rhasspy/piper-voices/tree/main
vits-piper-hi_IN-priyamvada-medium.tar.bz2,cc-by-nc-sa-4.0,no,medium,huggingface_model_card,https://huggingface.co/csukuangfj/vits-piper-hi_IN-priyamvada-medium
vits-piper-fi_FI-harri-low.tar.bz2,cc0,yes,high,huggingface_model_card,https://huggingface.co/csukuangfj/vits-piper-fi_FI-harri-low
vits-piper-hi_IN-priyamvada-medium-int8.tar.bz2,cc-by-nc-sa-4.0,no,medium,huggingface_model_card,https://huggingface.co/csukuangfj/vits-piper-hi_IN-priyamvada-medium
vits-piper-hi_IN-priyamvada-medium-fp16.tar.bz2,cc-by-nc-sa-4.0,no,medium,huggingface_model_card,https://huggingface.co/csukuangfj/vits-piper-hi_IN-priyamvada-medium
vits-piper-fi_FI-harri-low-int8.tar.bz2,cc0,yes,high,manual,https://huggingface.co/rhasspy/piper-voices/tree/main
vits-piper-hi_IN-pratham-medium.tar.bz2,cc-by-nc-sa-4.0,no,medium,huggingface_model_card,https://huggingface.co/csukuangfj/vits-piper-hi_IN-pratham-medium
vits-piper-fi_FI-harri-low-fp16.tar.bz2,cc0,yes,high,manual,https://huggingface.co/rhasspy/piper-voices/tree/main
vits-piper-hi_IN-pratham-medium-int8.tar.bz2,cc-by-nc-sa-4.0,no,medium,huggingface_model_card,https://huggingface.co/csukuangfj/vits-piper-hi_IN-pratham-medium
vits-piper-hi_IN-pratham-medium-fp16.tar.bz2,cc-by-nc-sa-4.0,no,medium,huggingface_model_card,https://huggingface.co/csukuangfj/vits-piper-hi_IN-pratham-medium
vits-piper-fa_IR-reza_ibrahim-medium.tar.bz2,cc0,yes,high,huggingface_model_card,https://huggingface.co/csukuangfj/vits-piper-fa_IR-reza_ibrahim-medium
vits-piper-fr_FR-upmc-medium.tar.bz2,cc-by-sa-4.0,conditional,medium,huggingface_model_card,https://huggingface.co/csukuangfj/vits-piper-fr_FR-upmc-medium
vits-piper-fa_IR-reza_ibrahim-medium-int8.tar.bz2,cc0,yes,high,manual,https://huggingface.co/rhasspy/piper-voices/tree/main
vits-piper-fr_FR-upmc-medium-int8.tar.bz2,cc-by-sa-4.0,conditional,medium,huggingface_model_card,https://huggingface.co/csukuangfj/vits-piper-fr_FR-upmc-medium
vits-piper-fr_FR-upmc-medium-fp16.tar.bz2,cc-by-sa-4.0,conditional,medium,huggingface_model_card,https://huggingface.co/csukuangfj/vits-piper-fr_FR-upmc-medium
vits-piper-fa_IR-reza_ibrahim-medium-fp16.tar.bz2,cc0,yes,high,manual,https://huggingface.co/rhasspy/piper-voices/tree/main
vits-piper-fr_FR-tjiho-model3.tar.bz2,agpl-3.0,conditional,high,archive_license_file,vits-piper-fr_FR-tjiho-model3/LICENSE.txt
vits-piper-fa_IR-gyro-medium.tar.bz2,no-license,no,medium,huggingface_model_card,https://huggingface.co/csukuangfj/vits-piper-fa_IR-gyro-medium
vits-piper-fr_FR-tjiho-model3-int8.tar.bz2,agpl-3.0,conditional,high,archive_license_file,vits-piper-fr_FR-tjiho-model3-int8/LICENSE.txt
vits-piper-fr_FR-tjiho-model3-fp16.tar.bz2,agpl-3.0,conditional,high,archive_license_file,vits-piper-fr_FR-tjiho-model3-fp16/LICENSE.txt
vits-piper-fa_IR-gyro-medium-int8.tar.bz2,no-license,no,high,manual,https://huggingface.co/rhasspy/piper-voices/tree/main
vits-piper-fr_FR-tjiho-model2.tar.bz2,agpl-3.0,conditional,high,archive_license_file,vits-piper-fr_FR-tjiho-model2/LICENSE.txt
vits-piper-fa_IR-gyro-medium-fp16.tar.bz2,no-license,no,high,manual,https://huggingface.co/rhasspy/piper-voices/tree/main
vits-piper-fr_FR-tjiho-model2-int8.tar.bz2,agpl-3.0,conditional,high,archive_license_file,vits-piper-fr_FR-tjiho-model2-int8/LICENSE.txt
vits-piper-fa_IR-ganji_adabi-medium.tar.bz2,cc0,yes,high,huggingface_model_card,https://huggingface.co/csukuangfj/vits-piper-fa_IR-ganji_adabi-medium
vits-piper-fr_FR-tjiho-model2-fp16.tar.bz2,agpl-3.0,conditional,high,archive_license_file,vits-piper-fr_FR-tjiho-model2-fp16/LICENSE.txt
vits-piper-fr_FR-tjiho-model1.tar.bz2,agpl-3.0,conditional,high,archive_license_file,vits-piper-fr_FR-tjiho-model1/LICENSE.txt
vits-piper-fa_IR-ganji_adabi-medium-int8.tar.bz2,cc0,yes,high,manual,https://huggingface.co/rhasspy/piper-voices/tree/main
vits-piper-fr_FR-tjiho-model1-int8.tar.bz2,agpl-3.0,conditional,high,archive_license_file,vits-piper-fr_FR-tjiho-model1-int8/LICENSE.txt
vits-piper-fa_IR-ganji_adabi-medium-fp16.tar.bz2,cc0,yes,high,manual,https://huggingface.co/rhasspy/piper-voices/tree/main
vits-piper-fr_FR-tjiho-model1-fp16.tar.bz2,agpl-3.0,conditional,high,archive_license_file,vits-piper-fr_FR-tjiho-model1-fp16/LICENSE.txt
vits-piper-fa_IR-ganji-medium.tar.bz2,cc0,yes,high,huggingface_model_card,https://huggingface.co/csukuangfj/vits-piper-fa_IR-ganji-medium
vits-piper-fr_FR-miro-high.tar.bz2,cc-by-nc-sa-4.0,no,high,huggingface_model_card,https://huggingface.co/csukuangfj/vits-piper-fr_FR-miro-high
vits-piper-fr_FR-miro-high-int8.tar.bz2,cc-by-nc-sa-4.0,no,high,huggingface_model_card,https://huggingface.co/csukuangfj/vits-piper-fr_FR-miro-high
vits-piper-fa_IR-ganji-medium-int8.tar.bz2,cc0,yes,high,manual,https://huggingface.co/rhasspy/piper-voices/tree/main
vits-piper-fr_FR-miro-high-fp16.tar.bz2,cc-by-nc-sa-4.0,no,high,huggingface_model_card,https://huggingface.co/csukuangfj/vits-piper-fr_FR-miro-high
vits-piper-fa_IR-ganji-medium-fp16.tar.bz2,cc0,yes,high,manual,https://huggingface.co/rhasspy/piper-voices/tree/main
vits-piper-fa_IR-amir-medium.tar.bz2,cc0,yes,high,huggingface_model_card,https://huggingface.co/csukuangfj/vits-piper-fa_IR-amir-medium
vits-piper-fa_IR-amir-medium-int8.tar.bz2,cc0,yes,high,manual,https://huggingface.co/rhasspy/piper-voices/tree/main
vits-piper-fa_IR-amir-medium-fp16.tar.bz2,cc0,yes,high,manual,https://huggingface.co/rhasspy/piper-voices/tree/main
vits-piper-es_MX-claude-high.tar.bz2,apache-2.0,yes,high,huggingface_model_card,https://huggingface.co/csukuangfj/vits-piper-es_MX-claude-high
vits-piper-es_MX-claude-high-int8.tar.bz2,apache-2.0,yes,high,manual,https://huggingface.co/rhasspy/piper-voices/tree/main
vits-piper-es_MX-claude-high-fp16.tar.bz2,apache-2.0,yes,high,manual,https://huggingface.co/rhasspy/piper-voices/tree/main
vits-piper-es_MX-ald-medium.tar.bz2,unlicense,yes,medium,huggingface_model_card,https://huggingface.co/csukuangfj/vits-piper-es_MX-ald-medium
vits-piper-es_MX-ald-medium-int8.tar.bz2,unlicense,yes,high,manual,https://huggingface.co/rhasspy/piper-voices/tree/main
vits-piper-es_MX-ald-medium-fp16.tar.bz2,unlicense,yes,high,manual,https://huggingface.co/rhasspy/piper-voices/tree/main
vits-piper-es_ES-sharvard-medium.tar.bz2,cc-by-3.0,yes,medium,huggingface_model_card,https://huggingface.co/csukuangfj/vits-piper-es_ES-sharvard-medium
vits-piper-es_ES-sharvard-medium-int8.tar.bz2,cc-by-3.0,yes,high,manual,https://huggingface.co/rhasspy/piper-voices/tree/main
vits-piper-es_ES-sharvard-medium-fp16.tar.bz2,cc-by-3.0,yes,high,manual,https://huggingface.co/rhasspy/piper-voices/tree/main
vits-piper-es_ES-miro-high.tar.bz2,cc-by-nc-sa-4.0,no,high,huggingface_model_card,https://huggingface.co/csukuangfj/vits-piper-es_ES-miro-high
vits-piper-es_ES-miro-high-int8.tar.bz2,cc-by-nc-sa-4.0,no,high,huggingface_model_card,https://huggingface.co/csukuangfj/vits-piper-es_ES-miro-high
vits-piper-es_ES-miro-high-fp16.tar.bz2,cc-by-nc-sa-4.0,no,high,huggingface_model_card,https://huggingface.co/csukuangfj/vits-piper-es_ES-miro-high
vits-piper-es_ES-glados-medium.tar.bz2,mit,yes,high,manual,https://github.com/dnhkng/GlaDOS
vits-piper-es_ES-glados-medium-int8.tar.bz2,mit,yes,high,manual,https://github.com/dnhkng/GlaDOS
vits-piper-es_ES-glados-medium-fp16.tar.bz2,mit,yes,high,manual,https://github.com/dnhkng/GlaDOS
vits-piper-es_ES-davefx-medium.tar.bz2,cc0,yes,high,huggingface_model_card,https://huggingface.co/csukuangfj/vits-piper-es_ES-davefx-medium
vits-piper-es_ES-davefx-medium-int8.tar.bz2,cc0,yes,high,manual,https://huggingface.co/rhasspy/piper-voices/tree/main
vits-piper-es_ES-davefx-medium-fp16.tar.bz2,cc0,yes,high,manual,https://huggingface.co/rhasspy/piper-voices/tree/main
vits-piper-es_ES-carlfm-x_low.tar.bz2,public-domain,yes,medium,huggingface_model_card,https://huggingface.co/csukuangfj/vits-piper-es_ES-carlfm-x_low
vits-piper-es_ES-carlfm-x_low-int8.tar.bz2,cc0,yes,high,manual,https://huggingface.co/rhasspy/piper-voices/tree/main
vits-piper-es_ES-carlfm-x_low-fp16.tar.bz2,cc0,yes,high,manual,https://huggingface.co/rhasspy/piper-voices/tree/main
vits-piper-es_AR-daniela-high.tar.bz2,cc-by-sa-4.0,conditional,medium,huggingface_model_card,https://huggingface.co/csukuangfj/vits-piper-es_AR-daniela-high
vits-piper-es_AR-daniela-high-int8.tar.bz2,cc-by-sa-4.0,conditional,high,manual,https://huggingface.co/rhasspy/piper-voices/tree/main
vits-piper-es_AR-daniela-high-fp16.tar.bz2,cc-by-sa-4.0,conditional,high,manual,https://huggingface.co/rhasspy/piper-voices/tree/main
sherpa-onnx-zipvoice-distill-int8-zh-en-emilia.tar.bz2,apache-2.0,yes,high,manual,https://huggingface.co/k2-fsa/ZipVoice
sherpa-onnx-zipvoice-distill-fp32-zh-en-emilia.tar.bz2,apache-2.0,yes,high,manual,https://huggingface.co/k2-fsa/ZipVoice
matcha-icefall-zh-en.tar.bz2,apache-2.0,yes,high,manual,https://modelscope.cn/models/dengcunqin/matcha_tts_zh_en_20251010/summary
sherpa-onnx-pocket-tts-int8-2026-01-26.tar.bz2,cc-by-4.0,yes,high,archive_license_file,sherpa-onnx-pocket-tts-int8-2026-01-26/LICENSE
sherpa-onnx-pocket-tts-2026-01-26.tar.bz2,cc-by-4.0,yes,high,archive_license_file,sherpa-onnx-pocket-tts-2026-01-26/LICENSE
matcha-icefall-zh-baker.tar.bz2,no-license,no,high,manual,https://k2-fsa.github.io/sherpa/onnx/tts/pretrained_models/matcha.html?highlight=matcha+tts#matcha-icefall-zh-baker-chinese-1-female-speaker
vits-icefall-en_US-ljspeech-medium.tar.bz2,public-domain,yes,high,manual,https://k2-fsa.github.io/sherpa/onnx/tts/pretrained_models/vits.html#ljspeech-english-single-speaker
vits-icefall-en_US-ljspeech-low.tar.bz2,public-domain,yes,high,manual,https://k2-fsa.github.io/sherpa/onnx/tts/pretrained_models/vits.html#ljspeech-english-single-speaker
matcha-icefall-en_US-ljspeech.tar.bz2,public-domain,yes,high,manual,https://k2-fsa.github.io/sherpa/onnx/tts/pretrained_models/matcha.html#matcha-icefall-en-us-ljspeech-american-english-1-female-speaker
sherpa-onnx-supertonic-tts-int8-2026-03-06.tar.bz2,mit,yes,high,archive_license_file,sherpa-onnx-supertonic-tts-int8-2026-03-06/LICENSE
